experiment_name,dataset_variant,train_loss,validation_loss,train_script,model_path,config
sweep_20260812T163136Z-66771_arch_10m_dataset_42m_tokenizer_4k_vocab_4096_lr_1.25e-3_batch_8_dropout_0.0_weight_decay_0.0,42m,3.328043461,3.474083102,pretrain_base.py,/home/samuele/Desktop/pavullmo/models/sweep_20260812T163136Z-66771_arch_10m_dataset_42m_tokenizer_4k_vocab_4096_lr_1.25e-3_batch_8_dropout_0.0_weight_decay_0.0.pt,VOCAB_SIZE=4096;N_BLOCKS=8;EMBED_DIM=256;ATTN_HEADS=4;FFN_DIM=704;SEQ_LEN=1024;ROPE_BASE=10000.0;LR=0.00125;MIN_LR=0.0;ADAM_BETA1=0.9;ADAM_BETA2=0.95;ADAM_EPS=1e-08;WARMUP_STEPS=10;BATCH_SIZE=8;GRAD_ACCUM_STEPS=1;EPOCHS=1;MAX_STEPS=0;DROPOUT=0.0;WEIGHT_DECAY=0.0;MAX_GRAD_NORM=1.0;SEED=42;DATASET_PREFIX=4k;DATASET_VARIANT=42m;VALIDATION_INTERVAL=100;VALIDATION_STEPS=20;COMPILE_MODEL=True;COMPILE_MODE=default
sweep_20260812T163136Z-66771_arch_10m_dataset_42m_tokenizer_8k_vocab_8192_lr_1.25e-3_batch_8_dropout_0.0_weight_decay_0.0,42m,5.414880276,5.512896061,pretrain_base.py,/home/samuele/Desktop/pavullmo/models/sweep_20260812T163136Z-66771_arch_10m_dataset_42m_tokenizer_8k_vocab_8192_lr_1.25e-3_batch_8_dropout_0.0_weight_decay_0.0.pt,VOCAB_SIZE=8192;N_BLOCKS=8;EMBED_DIM=256;ATTN_HEADS=4;FFN_DIM=704;SEQ_LEN=1024;ROPE_BASE=10000.0;LR=0.00125;MIN_LR=0.0;ADAM_BETA1=0.9;ADAM_BETA2=0.95;ADAM_EPS=1e-08;WARMUP_STEPS=10;BATCH_SIZE=8;GRAD_ACCUM_STEPS=1;EPOCHS=1;MAX_STEPS=0;DROPOUT=0.0;WEIGHT_DECAY=0.0;MAX_GRAD_NORM=1.0;SEED=42;DATASET_PREFIX=8k;DATASET_VARIANT=42m;VALIDATION_INTERVAL=100;VALIDATION_STEPS=20;COMPILE_MODEL=True;COMPILE_MODE=default
sweep_20260812T163136Z-66771_arch_10m_dataset_42m_tokenizer_16k_vocab_16384_lr_1.25e-3_batch_8_dropout_0.0_weight_decay_0.0,42m,6.697990417,6.729718685,pretrain_base.py,/home/samuele/Desktop/pavullmo/models/sweep_20260812T163136Z-66771_arch_10m_dataset_42m_tokenizer_16k_vocab_16384_lr_1.25e-3_batch_8_dropout_0.0_weight_decay_0.0.pt,VOCAB_SIZE=16384;N_BLOCKS=8;EMBED_DIM=256;ATTN_HEADS=4;FFN_DIM=704;SEQ_LEN=1024;ROPE_BASE=10000.0;LR=0.00125;MIN_LR=0.0;ADAM_BETA1=0.9;ADAM_BETA2=0.95;ADAM_EPS=1e-08;WARMUP_STEPS=10;BATCH_SIZE=8;GRAD_ACCUM_STEPS=1;EPOCHS=1;MAX_STEPS=0;DROPOUT=0.0;WEIGHT_DECAY=0.0;MAX_GRAD_NORM=1.0;SEED=42;DATASET_PREFIX=16k;DATASET_VARIANT=42m;VALIDATION_INTERVAL=100;VALIDATION_STEPS=20;COMPILE_MODEL=True;COMPILE_MODE=default
sweep_20260812T163136Z-66771_arch_10m_dataset_42m_tokenizer_4k_vocab_4096_lr_1.25e-3_batch_16_dropout_0.0_weight_decay_0.0,42m,3.58325243,3.667255914,pretrain_base.py,/home/samuele/Desktop/pavullmo/models/sweep_20260812T163136Z-66771_arch_10m_dataset_42m_tokenizer_4k_vocab_4096_lr_1.25e-3_batch_16_dropout_0.0_weight_decay_0.0.pt,VOCAB_SIZE=4096;N_BLOCKS=8;EMBED_DIM=256;ATTN_HEADS=4;FFN_DIM=704;SEQ_LEN=1024;ROPE_BASE=10000.0;LR=0.00125;MIN_LR=0.0;ADAM_BETA1=0.9;ADAM_BETA2=0.95;ADAM_EPS=1e-08;WARMUP_STEPS=10;BATCH_SIZE=16;GRAD_ACCUM_STEPS=1;EPOCHS=1;MAX_STEPS=0;DROPOUT=0.0;WEIGHT_DECAY=0.0;MAX_GRAD_NORM=1.0;SEED=42;DATASET_PREFIX=4k;DATASET_VARIANT=42m;VALIDATION_INTERVAL=100;VALIDATION_STEPS=20;COMPILE_MODEL=True;COMPILE_MODE=default
sweep_20260812T163136Z-66771_arch_10m_dataset_42m_tokenizer_8k_vocab_8192_lr_1.25e-3_batch_16_dropout_0.0_weight_decay_0.0,42m,5.736187935,5.824596047,pretrain_base.py,/home/samuele/Desktop/pavullmo/models/sweep_20260812T163136Z-66771_arch_10m_dataset_42m_tokenizer_8k_vocab_8192_lr_1.25e-3_batch_16_dropout_0.0_weight_decay_0.0.pt,VOCAB_SIZE=8192;N_BLOCKS=8;EMBED_DIM=256;ATTN_HEADS=4;FFN_DIM=704;SEQ_LEN=1024;ROPE_BASE=10000.0;LR=0.00125;MIN_LR=0.0;ADAM_BETA1=0.9;ADAM_BETA2=0.95;ADAM_EPS=1e-08;WARMUP_STEPS=10;BATCH_SIZE=16;GRAD_ACCUM_STEPS=1;EPOCHS=1;MAX_STEPS=0;DROPOUT=0.0;WEIGHT_DECAY=0.0;MAX_GRAD_NORM=1.0;SEED=42;DATASET_PREFIX=8k;DATASET_VARIANT=42m;VALIDATION_INTERVAL=100;VALIDATION_STEPS=20;COMPILE_MODEL=True;COMPILE_MODE=default
sweep_20260812T163136Z-66771_arch_10m_dataset_42m_tokenizer_16k_vocab_16384_lr_1.25e-3_batch_16_dropout_0.0_weight_decay_0.0,42m,7.236349106,7.267480612,pretrain_base.py,/home/samuele/Desktop/pavullmo/models/sweep_20260812T163136Z-66771_arch_10m_dataset_42m_tokenizer_16k_vocab_16384_lr_1.25e-3_batch_16_dropout_0.0_weight_decay_0.0.pt,VOCAB_SIZE=16384;N_BLOCKS=8;EMBED_DIM=256;ATTN_HEADS=4;FFN_DIM=704;SEQ_LEN=1024;ROPE_BASE=10000.0;LR=0.00125;MIN_LR=0.0;ADAM_BETA1=0.9;ADAM_BETA2=0.95;ADAM_EPS=1e-08;WARMUP_STEPS=10;BATCH_SIZE=16;GRAD_ACCUM_STEPS=1;EPOCHS=1;MAX_STEPS=0;DROPOUT=0.0;WEIGHT_DECAY=0.0;MAX_GRAD_NORM=1.0;SEED=42;DATASET_PREFIX=16k;DATASET_VARIANT=42m;VALIDATION_INTERVAL=100;VALIDATION_STEPS=20;COMPILE_MODEL=True;COMPILE_MODE=default
sweep_20260812T163136Z-66771_arch_10m_dataset_42m_tokenizer_4k_vocab_4096_lr_1e-3_batch_8_dropout_0.0_weight_decay_0.0,42m,3.375257969,3.525313354,pretrain_base.py,/home/samuele/Desktop/pavullmo/models/sweep_20260812T163136Z-66771_arch_10m_dataset_42m_tokenizer_4k_vocab_4096_lr_1e-3_batch_8_dropout_0.0_weight_decay_0.0.pt,VOCAB_SIZE=4096;N_BLOCKS=8;EMBED_DIM=256;ATTN_HEADS=4;FFN_DIM=704;SEQ_LEN=1024;ROPE_BASE=10000.0;LR=0.001;MIN_LR=0.0;ADAM_BETA1=0.9;ADAM_BETA2=0.95;ADAM_EPS=1e-08;WARMUP_STEPS=10;BATCH_SIZE=8;GRAD_ACCUM_STEPS=1;EPOCHS=1;MAX_STEPS=0;DROPOUT=0.0;WEIGHT_DECAY=0.0;MAX_GRAD_NORM=1.0;SEED=42;DATASET_PREFIX=4k;DATASET_VARIANT=42m;VALIDATION_INTERVAL=100;VALIDATION_STEPS=20;COMPILE_MODEL=True;COMPILE_MODE=default
sweep_20260812T163136Z-66771_arch_10m_dataset_42m_tokenizer_8k_vocab_8192_lr_1e-3_batch_8_dropout_0.0_weight_decay_0.0,42m,5.494078159,5.574794984,pretrain_base.py,/home/samuele/Desktop/pavullmo/models/sweep_20260812T163136Z-66771_arch_10m_dataset_42m_tokenizer_8k_vocab_8192_lr_1e-3_batch_8_dropout_0.0_weight_decay_0.0.pt,VOCAB_SIZE=8192;N_BLOCKS=8;EMBED_DIM=256;ATTN_HEADS=4;FFN_DIM=704;SEQ_LEN=1024;ROPE_BASE=10000.0;LR=0.001;MIN_LR=0.0;ADAM_BETA1=0.9;ADAM_BETA2=0.95;ADAM_EPS=1e-08;WARMUP_STEPS=10;BATCH_SIZE=8;GRAD_ACCUM_STEPS=1;EPOCHS=1;MAX_STEPS=0;DROPOUT=0.0;WEIGHT_DECAY=0.0;MAX_GRAD_NORM=1.0;SEED=42;DATASET_PREFIX=8k;DATASET_VARIANT=42m;VALIDATION_INTERVAL=100;VALIDATION_STEPS=20;COMPILE_MODEL=True;COMPILE_MODE=default
sweep_20260812T163136Z-66771_arch_10m_dataset_42m_tokenizer_16k_vocab_16384_lr_1e-3_batch_8_dropout_0.0_weight_decay_0.0,42m,6.749503613,6.797624278,pretrain_base.py,/home/samuele/Desktop/pavullmo/models/sweep_20260812T163136Z-66771_arch_10m_dataset_42m_tokenizer_16k_vocab_16384_lr_1e-3_batch_8_dropout_0.0_weight_decay_0.0.pt,VOCAB_SIZE=16384;N_BLOCKS=8;EMBED_DIM=256;ATTN_HEADS=4;FFN_DIM=704;SEQ_LEN=1024;ROPE_BASE=10000.0;LR=0.001;MIN_LR=0.0;ADAM_BETA1=0.9;ADAM_BETA2=0.95;ADAM_EPS=1e-08;WARMUP_STEPS=10;BATCH_SIZE=8;GRAD_ACCUM_STEPS=1;EPOCHS=1;MAX_STEPS=0;DROPOUT=0.0;WEIGHT_DECAY=0.0;MAX_GRAD_NORM=1.0;SEED=42;DATASET_PREFIX=16k;DATASET_VARIANT=42m;VALIDATION_INTERVAL=100;VALIDATION_STEPS=20;COMPILE_MODEL=True;COMPILE_MODE=default
sweep_20260812T163136Z-66771_arch_10m_dataset_42m_tokenizer_4k_vocab_4096_lr_1e-3_batch_16_dropout_0.0_weight_decay_0.0,42m,3.637155771,3.711126363,pretrain_base.py,/home/samuele/Desktop/pavullmo/models/sweep_20260812T163136Z-66771_arch_10m_dataset_42m_tokenizer_4k_vocab_4096_lr_1e-3_batch_16_dropout_0.0_weight_decay_0.0.pt,VOCAB_SIZE=4096;N_BLOCKS=8;EMBED_DIM=256;ATTN_HEADS=4;FFN_DIM=704;SEQ_LEN=1024;ROPE_BASE=10000.0;LR=0.001;MIN_LR=0.0;ADAM_BETA1=0.9;ADAM_BETA2=0.95;ADAM_EPS=1e-08;WARMUP_STEPS=10;BATCH_SIZE=16;GRAD_ACCUM_STEPS=1;EPOCHS=1;MAX_STEPS=0;DROPOUT=0.0;WEIGHT_DECAY=0.0;MAX_GRAD_NORM=1.0;SEED=42;DATASET_PREFIX=4k;DATASET_VARIANT=42m;VALIDATION_INTERVAL=100;VALIDATION_STEPS=20;COMPILE_MODEL=True;COMPILE_MODE=default
sweep_20260812T163136Z-66771_arch_10m_dataset_42m_tokenizer_8k_vocab_8192_lr_1e-3_batch_16_dropout_0.0_weight_decay_0.0,42m,6.178997517,6.247989893,pretrain_base.py,/home/samuele/Desktop/pavullmo/models/sweep_20260812T163136Z-66771_arch_10m_dataset_42m_tokenizer_8k_vocab_8192_lr_1e-3_batch_16_dropout_0.0_weight_decay_0.0.pt,VOCAB_SIZE=8192;N_BLOCKS=8;EMBED_DIM=256;ATTN_HEADS=4;FFN_DIM=704;SEQ_LEN=1024;ROPE_BASE=10000.0;LR=0.001;MIN_LR=0.0;ADAM_BETA1=0.9;ADAM_BETA2=0.95;ADAM_EPS=1e-08;WARMUP_STEPS=10;BATCH_SIZE=16;GRAD_ACCUM_STEPS=1;EPOCHS=1;MAX_STEPS=0;DROPOUT=0.0;WEIGHT_DECAY=0.0;MAX_GRAD_NORM=1.0;SEED=42;DATASET_PREFIX=8k;DATASET_VARIANT=42m;VALIDATION_INTERVAL=100;VALIDATION_STEPS=20;COMPILE_MODEL=True;COMPILE_MODE=default
sweep_20260812T163136Z-66771_arch_10m_dataset_42m_tokenizer_16k_vocab_16384_lr_1e-3_batch_16_dropout_0.0_weight_decay_0.0,42m,8.772164345,8.794244623,pretrain_base.py,/home/samuele/Desktop/pavullmo/models/sweep_20260812T163136Z-66771_arch_10m_dataset_42m_tokenizer_16k_vocab_16384_lr_1e-3_batch_16_dropout_0.0_weight_decay_0.0.pt,VOCAB_SIZE=16384;N_BLOCKS=8;EMBED_DIM=256;ATTN_HEADS=4;FFN_DIM=704;SEQ_LEN=1024;ROPE_BASE=10000.0;LR=0.001;MIN_LR=0.0;ADAM_BETA1=0.9;ADAM_BETA2=0.95;ADAM_EPS=1e-08;WARMUP_STEPS=10;BATCH_SIZE=16;GRAD_ACCUM_STEPS=1;EPOCHS=1;MAX_STEPS=0;DROPOUT=0.0;WEIGHT_DECAY=0.0;MAX_GRAD_NORM=1.0;SEED=42;DATASET_PREFIX=16k;DATASET_VARIANT=42m;VALIDATION_INTERVAL=100;VALIDATION_STEPS=20;COMPILE_MODEL=True;COMPILE_MODE=default
sweep_20260812T163136Z-66771_arch_10m_dataset_42m_tokenizer_4k_vocab_4096_lr_0.75e-3_batch_8_dropout_0.0_weight_decay_0.0,42m,3.410979748,3.576490676,pretrain_base.py,/home/samuele/Desktop/pavullmo/models/sweep_20260812T163136Z-66771_arch_10m_dataset_42m_tokenizer_4k_vocab_4096_lr_0.75e-3_batch_8_dropout_0.0_weight_decay_0.0.pt,VOCAB_SIZE=4096;N_BLOCKS=8;EMBED_DIM=256;ATTN_HEADS=4;FFN_DIM=704;SEQ_LEN=1024;ROPE_BASE=10000.0;LR=0.00075;MIN_LR=0.0;ADAM_BETA1=0.9;ADAM_BETA2=0.95;ADAM_EPS=1e-08;WARMUP_STEPS=10;BATCH_SIZE=8;GRAD_ACCUM_STEPS=1;EPOCHS=1;MAX_STEPS=0;DROPOUT=0.0;WEIGHT_DECAY=0.0;MAX_GRAD_NORM=1.0;SEED=42;DATASET_PREFIX=4k;DATASET_VARIANT=42m;VALIDATION_INTERVAL=100;VALIDATION_STEPS=20;COMPILE_MODEL=True;COMPILE_MODE=default
sweep_20260812T163136Z-66771_arch_10m_dataset_42m_tokenizer_8k_vocab_8192_lr_0.75e-3_batch_8_dropout_0.0_weight_decay_0.0,42m,5.832503796,5.913705897,pretrain_base.py,/home/samuele/Desktop/pavullmo/models/sweep_20260812T163136Z-66771_arch_10m_dataset_42m_tokenizer_8k_vocab_8192_lr_0.75e-3_batch_8_dropout_0.0_weight_decay_0.0.pt,VOCAB_SIZE=8192;N_BLOCKS=8;EMBED_DIM=256;ATTN_HEADS=4;FFN_DIM=704;SEQ_LEN=1024;ROPE_BASE=10000.0;LR=0.00075;MIN_LR=0.0;ADAM_BETA1=0.9;ADAM_BETA2=0.95;ADAM_EPS=1e-08;WARMUP_STEPS=10;BATCH_SIZE=8;GRAD_ACCUM_STEPS=1;EPOCHS=1;MAX_STEPS=0;DROPOUT=0.0;WEIGHT_DECAY=0.0;MAX_GRAD_NORM=1.0;SEED=42;DATASET_PREFIX=8k;DATASET_VARIANT=42m;VALIDATION_INTERVAL=100;VALIDATION_STEPS=20;COMPILE_MODEL=True;COMPILE_MODE=default
sweep_20260812T163136Z-66771_arch_10m_dataset_42m_tokenizer_16k_vocab_16384_lr_0.75e-3_batch_8_dropout_0.0_weight_decay_0.0,42m,7.058076859,7.106858444,pretrain_base.py,/home/samuele/Desktop/pavullmo/models/sweep_20260812T163136Z-66771_arch_10m_dataset_42m_tokenizer_16k_vocab_16384_lr_0.75e-3_batch_8_dropout_0.0_weight_decay_0.0.pt,VOCAB_SIZE=16384;N_BLOCKS=8;EMBED_DIM=256;ATTN_HEADS=4;FFN_DIM=704;SEQ_LEN=1024;ROPE_BASE=10000.0;LR=0.00075;MIN_LR=0.0;ADAM_BETA1=0.9;ADAM_BETA2=0.95;ADAM_EPS=1e-08;WARMUP_STEPS=10;BATCH_SIZE=8;GRAD_ACCUM_STEPS=1;EPOCHS=1;MAX_STEPS=0;DROPOUT=0.0;WEIGHT_DECAY=0.0;MAX_GRAD_NORM=1.0;SEED=42;DATASET_PREFIX=16k;DATASET_VARIANT=42m;VALIDATION_INTERVAL=100;VALIDATION_STEPS=20;COMPILE_MODEL=True;COMPILE_MODE=default
sweep_20260812T163136Z-66771_arch_10m_dataset_42m_tokenizer_4k_vocab_4096_lr_0.75e-3_batch_16_dropout_0.0_weight_decay_0.0,42m,3.799570084,3.869007802,pretrain_base.py,/home/samuele/Desktop/pavullmo/models/sweep_20260812T163136Z-66771_arch_10m_dataset_42m_tokenizer_4k_vocab_4096_lr_0.75e-3_batch_16_dropout_0.0_weight_decay_0.0.pt,VOCAB_SIZE=4096;N_BLOCKS=8;EMBED_DIM=256;ATTN_HEADS=4;FFN_DIM=704;SEQ_LEN=1024;ROPE_BASE=10000.0;LR=0.00075;MIN_LR=0.0;ADAM_BETA1=0.9;ADAM_BETA2=0.95;ADAM_EPS=1e-08;WARMUP_STEPS=10;BATCH_SIZE=16;GRAD_ACCUM_STEPS=1;EPOCHS=1;MAX_STEPS=0;DROPOUT=0.0;WEIGHT_DECAY=0.0;MAX_GRAD_NORM=1.0;SEED=42;DATASET_PREFIX=4k;DATASET_VARIANT=42m;VALIDATION_INTERVAL=100;VALIDATION_STEPS=20;COMPILE_MODEL=True;COMPILE_MODE=default
sweep_20260812T163136Z-66771_arch_10m_dataset_42m_tokenizer_8k_vocab_8192_lr_0.75e-3_batch_16_dropout_0.0_weight_decay_0.0,42m,6.74550581,6.787955594,pretrain_base.py,/home/samuele/Desktop/pavullmo/models/sweep_20260812T163136Z-66771_arch_10m_dataset_42m_tokenizer_8k_vocab_8192_lr_0.75e-3_batch_16_dropout_0.0_weight_decay_0.0.pt,VOCAB_SIZE=8192;N_BLOCKS=8;EMBED_DIM=256;ATTN_HEADS=4;FFN_DIM=704;SEQ_LEN=1024;ROPE_BASE=10000.0;LR=0.00075;MIN_LR=0.0;ADAM_BETA1=0.9;ADAM_BETA2=0.95;ADAM_EPS=1e-08;WARMUP_STEPS=10;BATCH_SIZE=16;GRAD_ACCUM_STEPS=1;EPOCHS=1;MAX_STEPS=0;DROPOUT=0.0;WEIGHT_DECAY=0.0;MAX_GRAD_NORM=1.0;SEED=42;DATASET_PREFIX=8k;DATASET_VARIANT=42m;VALIDATION_INTERVAL=100;VALIDATION_STEPS=20;COMPILE_MODEL=True;COMPILE_MODE=default
sweep_20260812T163136Z-66771_arch_10m_dataset_42m_tokenizer_16k_vocab_16384_lr_0.75e-3_batch_16_dropout_0.0_weight_decay_0.0,42m,7.532839775,7.566860986,pretrain_base.py,/home/samuele/Desktop/pavullmo/models/sweep_20260812T163136Z-66771_arch_10m_dataset_42m_tokenizer_16k_vocab_16384_lr_0.75e-3_batch_16_dropout_0.0_weight_decay_0.0.pt,VOCAB_SIZE=16384;N_BLOCKS=8;EMBED_DIM=256;ATTN_HEADS=4;FFN_DIM=704;SEQ_LEN=1024;ROPE_BASE=10000.0;LR=0.00075;MIN_LR=0.0;ADAM_BETA1=0.9;ADAM_BETA2=0.95;ADAM_EPS=1e-08;WARMUP_STEPS=10;BATCH_SIZE=16;GRAD_ACCUM_STEPS=1;EPOCHS=1;MAX_STEPS=0;DROPOUT=0.0;WEIGHT_DECAY=0.0;MAX_GRAD_NORM=1.0;SEED=42;DATASET_PREFIX=16k;DATASET_VARIANT=42m;VALIDATION_INTERVAL=100;VALIDATION_STEPS=20;COMPILE_MODEL=True;COMPILE_MODE=default
sweep_20260812T163136Z-66771_arch_10m_dataset_42m_tokenizer_4k_vocab_4096_lr_0.5e-3_batch_8_dropout_0.0_weight_decay_0.0,42m,3.56482029,3.725357676,pretrain_base.py,/home/samuele/Desktop/pavullmo/models/sweep_20260812T163136Z-66771_arch_10m_dataset_42m_tokenizer_4k_vocab_4096_lr_0.5e-3_batch_8_dropout_0.0_weight_decay_0.0.pt,VOCAB_SIZE=4096;N_BLOCKS=8;EMBED_DIM=256;ATTN_HEADS=4;FFN_DIM=704;SEQ_LEN=1024;ROPE_BASE=10000.0;LR=0.0005;MIN_LR=0.0;ADAM_BETA1=0.9;ADAM_BETA2=0.95;ADAM_EPS=1e-08;WARMUP_STEPS=10;BATCH_SIZE=8;GRAD_ACCUM_STEPS=1;EPOCHS=1;MAX_STEPS=0;DROPOUT=0.0;WEIGHT_DECAY=0.0;MAX_GRAD_NORM=1.0;SEED=42;DATASET_PREFIX=4k;DATASET_VARIANT=42m;VALIDATION_INTERVAL=100;VALIDATION_STEPS=20;COMPILE_MODEL=True;COMPILE_MODE=default
sweep_20260812T163136Z-66771_arch_10m_dataset_42m_tokenizer_8k_vocab_8192_lr_0.5e-3_batch_8_dropout_0.0_weight_decay_0.0,42m,5.907389641,5.977563477,pretrain_base.py,/home/samuele/Desktop/pavullmo/models/sweep_20260812T163136Z-66771_arch_10m_dataset_42m_tokenizer_8k_vocab_8192_lr_0.5e-3_batch_8_dropout_0.0_weight_decay_0.0.pt,VOCAB_SIZE=8192;N_BLOCKS=8;EMBED_DIM=256;ATTN_HEADS=4;FFN_DIM=704;SEQ_LEN=1024;ROPE_BASE=10000.0;LR=0.0005;MIN_LR=0.0;ADAM_BETA1=0.9;ADAM_BETA2=0.95;ADAM_EPS=1e-08;WARMUP_STEPS=10;BATCH_SIZE=8;GRAD_ACCUM_STEPS=1;EPOCHS=1;MAX_STEPS=0;DROPOUT=0.0;WEIGHT_DECAY=0.0;MAX_GRAD_NORM=1.0;SEED=42;DATASET_PREFIX=8k;DATASET_VARIANT=42m;VALIDATION_INTERVAL=100;VALIDATION_STEPS=20;COMPILE_MODEL=True;COMPILE_MODE=default
sweep_20260812T163136Z-66771_arch_10m_dataset_42m_tokenizer_16k_vocab_16384_lr_0.5e-3_batch_8_dropout_0.0_weight_decay_0.0,42m,20.76063538,20.22137585,pretrain_base.py,/home/samuele/Desktop/pavullmo/models/sweep_20260812T163136Z-66771_arch_10m_dataset_42m_tokenizer_16k_vocab_16384_lr_0.5e-3_batch_8_dropout_0.0_weight_decay_0.0.pt,VOCAB_SIZE=16384;N_BLOCKS=8;EMBED_DIM=256;ATTN_HEADS=4;FFN_DIM=704;SEQ_LEN=1024;ROPE_BASE=10000.0;LR=0.0005;MIN_LR=0.0;ADAM_BETA1=0.9;ADAM_BETA2=0.95;ADAM_EPS=1e-08;WARMUP_STEPS=10;BATCH_SIZE=8;GRAD_ACCUM_STEPS=1;EPOCHS=1;MAX_STEPS=0;DROPOUT=0.0;WEIGHT_DECAY=0.0;MAX_GRAD_NORM=1.0;SEED=42;DATASET_PREFIX=16k;DATASET_VARIANT=42m;VALIDATION_INTERVAL=100;VALIDATION_STEPS=20;COMPILE_MODEL=True;COMPILE_MODE=default
sweep_20260812T163136Z-66771_arch_10m_dataset_42m_tokenizer_4k_vocab_4096_lr_0.5e-3_batch_16_dropout_0.0_weight_decay_0.0,42m,4.006240845,4.077371848,pretrain_base.py,/home/samuele/Desktop/pavullmo/models/sweep_20260812T163136Z-66771_arch_10m_dataset_42m_tokenizer_4k_vocab_4096_lr_0.5e-3_batch_16_dropout_0.0_weight_decay_0.0.pt,VOCAB_SIZE=4096;N_BLOCKS=8;EMBED_DIM=256;ATTN_HEADS=4;FFN_DIM=704;SEQ_LEN=1024;ROPE_BASE=10000.0;LR=0.0005;MIN_LR=0.0;ADAM_BETA1=0.9;ADAM_BETA2=0.95;ADAM_EPS=1e-08;WARMUP_STEPS=10;BATCH_SIZE=16;GRAD_ACCUM_STEPS=1;EPOCHS=1;MAX_STEPS=0;DROPOUT=0.0;WEIGHT_DECAY=0.0;MAX_GRAD_NORM=1.0;SEED=42;DATASET_PREFIX=4k;DATASET_VARIANT=42m;VALIDATION_INTERVAL=100;VALIDATION_STEPS=20;COMPILE_MODEL=True;COMPILE_MODE=default
sweep_20260812T163136Z-66771_arch_10m_dataset_42m_tokenizer_8k_vocab_8192_lr_0.5e-3_batch_16_dropout_0.0_weight_decay_0.0,42m,6.65389061,6.719899297,pretrain_base.py,/home/samuele/Desktop/pavullmo/models/sweep_20260812T163136Z-66771_arch_10m_dataset_42m_tokenizer_8k_vocab_8192_lr_0.5e-3_batch_16_dropout_0.0_weight_decay_0.0.pt,VOCAB_SIZE=8192;N_BLOCKS=8;EMBED_DIM=256;ATTN_HEADS=4;FFN_DIM=704;SEQ_LEN=1024;ROPE_BASE=10000.0;LR=0.0005;MIN_LR=0.0;ADAM_BETA1=0.9;ADAM_BETA2=0.95;ADAM_EPS=1e-08;WARMUP_STEPS=10;BATCH_SIZE=16;GRAD_ACCUM_STEPS=1;EPOCHS=1;MAX_STEPS=0;DROPOUT=0.0;WEIGHT_DECAY=0.0;MAX_GRAD_NORM=1.0;SEED=42;DATASET_PREFIX=8k;DATASET_VARIANT=42m;VALIDATION_INTERVAL=100;VALIDATION_STEPS=20;COMPILE_MODEL=True;COMPILE_MODE=default
sweep_20260812T163136Z-66771_arch_10m_dataset_42m_tokenizer_16k_vocab_16384_lr_0.5e-3_batch_16_dropout_0.0_weight_decay_0.0,42m,8.555797577,8.604521227,pretrain_base.py,/home/samuele/Desktop/pavullmo/models/sweep_20260812T163136Z-66771_arch_10m_dataset_42m_tokenizer_16k_vocab_16384_lr_0.5e-3_batch_16_dropout_0.0_weight_decay_0.0.pt,VOCAB_SIZE=16384;N_BLOCKS=8;EMBED_DIM=256;ATTN_HEADS=4;FFN_DIM=704;SEQ_LEN=1024;ROPE_BASE=10000.0;LR=0.0005;MIN_LR=0.0;ADAM_BETA1=0.9;ADAM_BETA2=0.95;ADAM_EPS=1e-08;WARMUP_STEPS=10;BATCH_SIZE=16;GRAD_ACCUM_STEPS=1;EPOCHS=1;MAX_STEPS=0;DROPOUT=0.0;WEIGHT_DECAY=0.0;MAX_GRAD_NORM=1.0;SEED=42;DATASET_PREFIX=16k;DATASET_VARIANT=42m;VALIDATION_INTERVAL=100;VALIDATION_STEPS=20;COMPILE_MODEL=True;COMPILE_MODE=default
sweep_20260812T163136Z-66771_arch_10m_dataset_42m_tokenizer_4k_vocab_4096_lr_0.25e-3_batch_8_dropout_0.0_weight_decay_0.0,42m,3.932420015,4.10179975,pretrain_base.py,/home/samuele/Desktop/pavullmo/models/sweep_20260812T163136Z-66771_arch_10m_dataset_42m_tokenizer_4k_vocab_4096_lr_0.25e-3_batch_8_dropout_0.0_weight_decay_0.0.pt,VOCAB_SIZE=4096;N_BLOCKS=8;EMBED_DIM=256;ATTN_HEADS=4;FFN_DIM=704;SEQ_LEN=1024;ROPE_BASE=10000.0;LR=0.00025;MIN_LR=0.0;ADAM_BETA1=0.9;ADAM_BETA2=0.95;ADAM_EPS=1e-08;WARMUP_STEPS=10;BATCH_SIZE=8;GRAD_ACCUM_STEPS=1;EPOCHS=1;MAX_STEPS=0;DROPOUT=0.0;WEIGHT_DECAY=0.0;MAX_GRAD_NORM=1.0;SEED=42;DATASET_PREFIX=4k;DATASET_VARIANT=42m;VALIDATION_INTERVAL=100;VALIDATION_STEPS=20;COMPILE_MODEL=True;COMPILE_MODE=default
sweep_20260812T163136Z-66771_arch_10m_dataset_42m_tokenizer_8k_vocab_8192_lr_0.25e-3_batch_8_dropout_0.0_weight_decay_0.0,42m,6.810917854,6.853233147,pretrain_base.py,/home/samuele/Desktop/pavullmo/models/sweep_20260812T163136Z-66771_arch_10m_dataset_42m_tokenizer_8k_vocab_8192_lr_0.25e-3_batch_8_dropout_0.0_weight_decay_0.0.pt,VOCAB_SIZE=8192;N_BLOCKS=8;EMBED_DIM=256;ATTN_HEADS=4;FFN_DIM=704;SEQ_LEN=1024;ROPE_BASE=10000.0;LR=0.00025;MIN_LR=0.0;ADAM_BETA1=0.9;ADAM_BETA2=0.95;ADAM_EPS=1e-08;WARMUP_STEPS=10;BATCH_SIZE=8;GRAD_ACCUM_STEPS=1;EPOCHS=1;MAX_STEPS=0;DROPOUT=0.0;WEIGHT_DECAY=0.0;MAX_GRAD_NORM=1.0;SEED=42;DATASET_PREFIX=8k;DATASET_VARIANT=42m;VALIDATION_INTERVAL=100;VALIDATION_STEPS=20;COMPILE_MODEL=True;COMPILE_MODE=default
sweep_20260812T163136Z-66771_arch_10m_dataset_42m_tokenizer_16k_vocab_16384_lr_0.25e-3_batch_8_dropout_0.0_weight_decay_0.0,42m,8.815778732,8.880676365,pretrain_base.py,/home/samuele/Desktop/pavullmo/models/sweep_20260812T163136Z-66771_arch_10m_dataset_42m_tokenizer_16k_vocab_16384_lr_0.25e-3_batch_8_dropout_0.0_weight_decay_0.0.pt,VOCAB_SIZE=16384;N_BLOCKS=8;EMBED_DIM=256;ATTN_HEADS=4;FFN_DIM=704;SEQ_LEN=1024;ROPE_BASE=10000.0;LR=0.00025;MIN_LR=0.0;ADAM_BETA1=0.9;ADAM_BETA2=0.95;ADAM_EPS=1e-08;WARMUP_STEPS=10;BATCH_SIZE=8;GRAD_ACCUM_STEPS=1;EPOCHS=1;MAX_STEPS=0;DROPOUT=0.0;WEIGHT_DECAY=0.0;MAX_GRAD_NORM=1.0;SEED=42;DATASET_PREFIX=16k;DATASET_VARIANT=42m;VALIDATION_INTERVAL=100;VALIDATION_STEPS=20;COMPILE_MODEL=True;COMPILE_MODE=default
sweep_20260812T163136Z-66771_arch_10m_dataset_42m_tokenizer_4k_vocab_4096_lr_0.25e-3_batch_16_dropout_0.0_weight_decay_0.0,42m,4.585390091,4.645376444,pretrain_base.py,/home/samuele/Desktop/pavullmo/models/sweep_20260812T163136Z-66771_arch_10m_dataset_42m_tokenizer_4k_vocab_4096_lr_0.25e-3_batch_16_dropout_0.0_weight_decay_0.0.pt,VOCAB_SIZE=4096;N_BLOCKS=8;EMBED_DIM=256;ATTN_HEADS=4;FFN_DIM=704;SEQ_LEN=1024;ROPE_BASE=10000.0;LR=0.00025;MIN_LR=0.0;ADAM_BETA1=0.9;ADAM_BETA2=0.95;ADAM_EPS=1e-08;WARMUP_STEPS=10;BATCH_SIZE=16;GRAD_ACCUM_STEPS=1;EPOCHS=1;MAX_STEPS=0;DROPOUT=0.0;WEIGHT_DECAY=0.0;MAX_GRAD_NORM=1.0;SEED=42;DATASET_PREFIX=4k;DATASET_VARIANT=42m;VALIDATION_INTERVAL=100;VALIDATION_STEPS=20;COMPILE_MODEL=True;COMPILE_MODE=default
sweep_20260812T163136Z-66771_arch_10m_dataset_42m_tokenizer_8k_vocab_8192_lr_0.25e-3_batch_16_dropout_0.0_weight_decay_0.0,42m,9.405762672,9.497738123,pretrain_base.py,/home/samuele/Desktop/pavullmo/models/sweep_20260812T163136Z-66771_arch_10m_dataset_42m_tokenizer_8k_vocab_8192_lr_0.25e-3_batch_16_dropout_0.0_weight_decay_0.0.pt,VOCAB_SIZE=8192;N_BLOCKS=8;EMBED_DIM=256;ATTN_HEADS=4;FFN_DIM=704;SEQ_LEN=1024;ROPE_BASE=10000.0;LR=0.00025;MIN_LR=0.0;ADAM_BETA1=0.9;ADAM_BETA2=0.95;ADAM_EPS=1e-08;WARMUP_STEPS=10;BATCH_SIZE=16;GRAD_ACCUM_STEPS=1;EPOCHS=1;MAX_STEPS=0;DROPOUT=0.0;WEIGHT_DECAY=0.0;MAX_GRAD_NORM=1.0;SEED=42;DATASET_PREFIX=8k;DATASET_VARIANT=42m;VALIDATION_INTERVAL=100;VALIDATION_STEPS=20;COMPILE_MODEL=True;COMPILE_MODE=default
sweep_20260812T163136Z-66771_arch_10m_dataset_42m_tokenizer_16k_vocab_16384_lr_0.25e-3_batch_16_dropout_0.0_weight_decay_0.0,42m,13.35231781,13.43305569,pretrain_base.py,/home/samuele/Desktop/pavullmo/models/sweep_20260812T163136Z-66771_arch_10m_dataset_42m_tokenizer_16k_vocab_16384_lr_0.25e-3_batch_16_dropout_0.0_weight_decay_0.0.pt,VOCAB_SIZE=16384;N_BLOCKS=8;EMBED_DIM=256;ATTN_HEADS=4;FFN_DIM=704;SEQ_LEN=1024;ROPE_BASE=10000.0;LR=0.00025;MIN_LR=0.0;ADAM_BETA1=0.9;ADAM_BETA2=0.95;ADAM_EPS=1e-08;WARMUP_STEPS=10;BATCH_SIZE=16;GRAD_ACCUM_STEPS=1;EPOCHS=1;MAX_STEPS=0;DROPOUT=0.0;WEIGHT_DECAY=0.0;MAX_GRAD_NORM=1.0;SEED=42;DATASET_PREFIX=16k;DATASET_VARIANT=42m;VALIDATION_INTERVAL=100;VALIDATION_STEPS=20;COMPILE_MODEL=True;COMPILE_MODE=default
sweep_20260813T085338Z-3943_arch_20m_dataset_42m_tokenizer_4k_vocab_4096_lr_1.25e-3_batch_8_dropout_0.0_weight_decay_0.0,42m,3.355112076,3.52019465,pretrain_base.py,/home/samuele/Desktop/pavullmo/models/sweep_20260813T085338Z-3943_arch_20m_dataset_42m_tokenizer_4k_vocab_4096_lr_1.25e-3_batch_8_dropout_0.0_weight_decay_0.0.pt,VOCAB_SIZE=4096;N_BLOCKS=8;EMBED_DIM=384;ATTN_HEADS=6;FFN_DIM=1024;SEQ_LEN=1024;ROPE_BASE=10000.0;LR=0.00125;MIN_LR=0.0;ADAM_BETA1=0.9;ADAM_BETA2=0.95;ADAM_EPS=1e-08;WARMUP_STEPS=10;BATCH_SIZE=8;GRAD_ACCUM_STEPS=1;EPOCHS=1;MAX_STEPS=0;DROPOUT=0.0;WEIGHT_DECAY=0.0;MAX_GRAD_NORM=1.0;SEED=42;DATASET_PREFIX=4k;DATASET_VARIANT=42m;VALIDATION_INTERVAL=100;VALIDATION_STEPS=20;COMPILE_MODEL=True;COMPILE_MODE=default
sweep_20260813T085338Z-3943_arch_20m_dataset_42m_tokenizer_8k_vocab_8192_lr_1.25e-3_batch_8_dropout_0.0_weight_decay_0.0,42m,5.329364777,5.413498139,pretrain_base.py,/home/samuele/Desktop/pavullmo/models/sweep_20260813T085338Z-3943_arch_20m_dataset_42m_tokenizer_8k_vocab_8192_lr_1.25e-3_batch_8_dropout_0.0_weight_decay_0.0.pt,VOCAB_SIZE=8192;N_BLOCKS=8;EMBED_DIM=384;ATTN_HEADS=6;FFN_DIM=1024;SEQ_LEN=1024;ROPE_BASE=10000.0;LR=0.00125;MIN_LR=0.0;ADAM_BETA1=0.9;ADAM_BETA2=0.95;ADAM_EPS=1e-08;WARMUP_STEPS=10;BATCH_SIZE=8;GRAD_ACCUM_STEPS=1;EPOCHS=1;MAX_STEPS=0;DROPOUT=0.0;WEIGHT_DECAY=0.0;MAX_GRAD_NORM=1.0;SEED=42;DATASET_PREFIX=8k;DATASET_VARIANT=42m;VALIDATION_INTERVAL=100;VALIDATION_STEPS=20;COMPILE_MODEL=True;COMPILE_MODE=default
sweep_20260813T085338Z-3943_arch_20m_dataset_42m_tokenizer_16k_vocab_16384_lr_1.25e-3_batch_8_dropout_0.0_weight_decay_0.0,42m,6.653610229,6.700673389,pretrain_base.py,/home/samuele/Desktop/pavullmo/models/sweep_20260813T085338Z-3943_arch_20m_dataset_42m_tokenizer_16k_vocab_16384_lr_1.25e-3_batch_8_dropout_0.0_weight_decay_0.0.pt,VOCAB_SIZE=16384;N_BLOCKS=8;EMBED_DIM=384;ATTN_HEADS=6;FFN_DIM=1024;SEQ_LEN=1024;ROPE_BASE=10000.0;LR=0.00125;MIN_LR=0.0;ADAM_BETA1=0.9;ADAM_BETA2=0.95;ADAM_EPS=1e-08;WARMUP_STEPS=10;BATCH_SIZE=8;GRAD_ACCUM_STEPS=1;EPOCHS=1;MAX_STEPS=0;DROPOUT=0.0;WEIGHT_DECAY=0.0;MAX_GRAD_NORM=1.0;SEED=42;DATASET_PREFIX=16k;DATASET_VARIANT=42m;VALIDATION_INTERVAL=100;VALIDATION_STEPS=20;COMPILE_MODEL=True;COMPILE_MODE=default
sweep_20260813T085338Z-3943_arch_20m_dataset_42m_tokenizer_4k_vocab_4096_lr_1.25e-3_batch_16_dropout_0.0_weight_decay_0.0,42m,3.608757019,3.681362081,pretrain_base.py,/home/samuele/Desktop/pavullmo/models/sweep_20260813T085338Z-3943_arch_20m_dataset_42m_tokenizer_4k_vocab_4096_lr_1.25e-3_batch_16_dropout_0.0_weight_decay_0.0.pt,VOCAB_SIZE=4096;N_BLOCKS=8;EMBED_DIM=384;ATTN_HEADS=6;FFN_DIM=1024;SEQ_LEN=1024;ROPE_BASE=10000.0;LR=0.00125;MIN_LR=0.0;ADAM_BETA1=0.9;ADAM_BETA2=0.95;ADAM_EPS=1e-08;WARMUP_STEPS=10;BATCH_SIZE=16;GRAD_ACCUM_STEPS=1;EPOCHS=1;MAX_STEPS=0;DROPOUT=0.0;WEIGHT_DECAY=0.0;MAX_GRAD_NORM=1.0;SEED=42;DATASET_PREFIX=4k;DATASET_VARIANT=42m;VALIDATION_INTERVAL=100;VALIDATION_STEPS=20;COMPILE_MODEL=True;COMPILE_MODE=default
sweep_20260813T085338Z-3943_arch_20m_dataset_42m_tokenizer_8k_vocab_8192_lr_1.25e-3_batch_16_dropout_0.0_weight_decay_0.0,42m,5.62512207,5.708377099,pretrain_base.py,/home/samuele/Desktop/pavullmo/models/sweep_20260813T085338Z-3943_arch_20m_dataset_42m_tokenizer_8k_vocab_8192_lr_1.25e-3_batch_16_dropout_0.0_weight_decay_0.0.pt,VOCAB_SIZE=8192;N_BLOCKS=8;EMBED_DIM=384;ATTN_HEADS=6;FFN_DIM=1024;SEQ_LEN=1024;ROPE_BASE=10000.0;LR=0.00125;MIN_LR=0.0;ADAM_BETA1=0.9;ADAM_BETA2=0.95;ADAM_EPS=1e-08;WARMUP_STEPS=10;BATCH_SIZE=16;GRAD_ACCUM_STEPS=1;EPOCHS=1;MAX_STEPS=0;DROPOUT=0.0;WEIGHT_DECAY=0.0;MAX_GRAD_NORM=1.0;SEED=42;DATASET_PREFIX=8k;DATASET_VARIANT=42m;VALIDATION_INTERVAL=100;VALIDATION_STEPS=20;COMPILE_MODEL=True;COMPILE_MODE=default
sweep_20260813T085338Z-3943_arch_20m_dataset_42m_tokenizer_16k_vocab_16384_lr_1.25e-3_batch_16_dropout_0.0_weight_decay_0.0,42m,7.008761406,7.045684671,pretrain_base.py,/home/samuele/Desktop/pavullmo/models/sweep_20260813T085338Z-3943_arch_20m_dataset_42m_tokenizer_16k_vocab_16384_lr_1.25e-3_batch_16_dropout_0.0_weight_decay_0.0.pt,VOCAB_SIZE=16384;N_BLOCKS=8;EMBED_DIM=384;ATTN_HEADS=6;FFN_DIM=1024;SEQ_LEN=1024;ROPE_BASE=10000.0;LR=0.00125;MIN_LR=0.0;ADAM_BETA1=0.9;ADAM_BETA2=0.95;ADAM_EPS=1e-08;WARMUP_STEPS=10;BATCH_SIZE=16;GRAD_ACCUM_STEPS=1;EPOCHS=1;MAX_STEPS=0;DROPOUT=0.0;WEIGHT_DECAY=0.0;MAX_GRAD_NORM=1.0;SEED=42;DATASET_PREFIX=16k;DATASET_VARIANT=42m;VALIDATION_INTERVAL=100;VALIDATION_STEPS=20;COMPILE_MODEL=True;COMPILE_MODE=default
sweep_20260813T085338Z-3943_arch_20m_dataset_42m_tokenizer_4k_vocab_4096_lr_1e-3_batch_8_dropout_0.0_weight_decay_0.0,42m,3.357940674,3.508511603,pretrain_base.py,/home/samuele/Desktop/pavullmo/models/sweep_20260813T085338Z-3943_arch_20m_dataset_42m_tokenizer_4k_vocab_4096_lr_1e-3_batch_8_dropout_0.0_weight_decay_0.0.pt,VOCAB_SIZE=4096;N_BLOCKS=8;EMBED_DIM=384;ATTN_HEADS=6;FFN_DIM=1024;SEQ_LEN=1024;ROPE_BASE=10000.0;LR=0.001;MIN_LR=0.0;ADAM_BETA1=0.9;ADAM_BETA2=0.95;ADAM_EPS=1e-08;WARMUP_STEPS=10;BATCH_SIZE=8;GRAD_ACCUM_STEPS=1;EPOCHS=1;MAX_STEPS=0;DROPOUT=0.0;WEIGHT_DECAY=0.0;MAX_GRAD_NORM=1.0;SEED=42;DATASET_PREFIX=4k;DATASET_VARIANT=42m;VALIDATION_INTERVAL=100;VALIDATION_STEPS=20;COMPILE_MODEL=True;COMPILE_MODE=default
sweep_20260813T085338Z-3943_arch_20m_dataset_42m_tokenizer_8k_vocab_8192_lr_1e-3_batch_8_dropout_0.0_weight_decay_0.0,42m,5.365944386,5.475170398,pretrain_base.py,/home/samuele/Desktop/pavullmo/models/sweep_20260813T085338Z-3943_arch_20m_dataset_42m_tokenizer_8k_vocab_8192_lr_1e-3_batch_8_dropout_0.0_weight_decay_0.0.pt,VOCAB_SIZE=8192;N_BLOCKS=8;EMBED_DIM=384;ATTN_HEADS=6;FFN_DIM=1024;SEQ_LEN=1024;ROPE_BASE=10000.0;LR=0.001;MIN_LR=0.0;ADAM_BETA1=0.9;ADAM_BETA2=0.95;ADAM_EPS=1e-08;WARMUP_STEPS=10;BATCH_SIZE=8;GRAD_ACCUM_STEPS=1;EPOCHS=1;MAX_STEPS=0;DROPOUT=0.0;WEIGHT_DECAY=0.0;MAX_GRAD_NORM=1.0;SEED=42;DATASET_PREFIX=8k;DATASET_VARIANT=42m;VALIDATION_INTERVAL=100;VALIDATION_STEPS=20;COMPILE_MODEL=True;COMPILE_MODE=default
sweep_20260813T085338Z-3943_arch_20m_dataset_42m_tokenizer_16k_vocab_16384_lr_1e-3_batch_8_dropout_0.0_weight_decay_0.0,42m,6.543617725,6.595678735,pretrain_base.py,/home/samuele/Desktop/pavullmo/models/sweep_20260813T085338Z-3943_arch_20m_dataset_42m_tokenizer_16k_vocab_16384_lr_1e-3_batch_8_dropout_0.0_weight_decay_0.0.pt,VOCAB_SIZE=16384;N_BLOCKS=8;EMBED_DIM=384;ATTN_HEADS=6;FFN_DIM=1024;SEQ_LEN=1024;ROPE_BASE=10000.0;LR=0.001;MIN_LR=0.0;ADAM_BETA1=0.9;ADAM_BETA2=0.95;ADAM_EPS=1e-08;WARMUP_STEPS=10;BATCH_SIZE=8;GRAD_ACCUM_STEPS=1;EPOCHS=1;MAX_STEPS=0;DROPOUT=0.0;WEIGHT_DECAY=0.0;MAX_GRAD_NORM=1.0;SEED=42;DATASET_PREFIX=16k;DATASET_VARIANT=42m;VALIDATION_INTERVAL=100;VALIDATION_STEPS=20;COMPILE_MODEL=True;COMPILE_MODE=default
sweep_20260813T085338Z-3943_arch_20m_dataset_42m_tokenizer_4k_vocab_4096_lr_1e-3_batch_16_dropout_0.0_weight_decay_0.0,42m,3.64563942,3.717827213,pretrain_base.py,/home/samuele/Desktop/pavullmo/models/sweep_20260813T085338Z-3943_arch_20m_dataset_42m_tokenizer_4k_vocab_4096_lr_1e-3_batch_16_dropout_0.0_weight_decay_0.0.pt,VOCAB_SIZE=4096;N_BLOCKS=8;EMBED_DIM=384;ATTN_HEADS=6;FFN_DIM=1024;SEQ_LEN=1024;ROPE_BASE=10000.0;LR=0.001;MIN_LR=0.0;ADAM_BETA1=0.9;ADAM_BETA2=0.95;ADAM_EPS=1e-08;WARMUP_STEPS=10;BATCH_SIZE=16;GRAD_ACCUM_STEPS=1;EPOCHS=1;MAX_STEPS=0;DROPOUT=0.0;WEIGHT_DECAY=0.0;MAX_GRAD_NORM=1.0;SEED=42;DATASET_PREFIX=4k;DATASET_VARIANT=42m;VALIDATION_INTERVAL=100;VALIDATION_STEPS=20;COMPILE_MODEL=True;COMPILE_MODE=default
sweep_20260813T085338Z-3943_arch_20m_dataset_42m_tokenizer_8k_vocab_8192_lr_1e-3_batch_16_dropout_0.0_weight_decay_0.0,42m,5.630478859,5.716034102,pretrain_base.py,/home/samuele/Desktop/pavullmo/models/sweep_20260813T085338Z-3943_arch_20m_dataset_42m_tokenizer_8k_vocab_8192_lr_1e-3_batch_16_dropout_0.0_weight_decay_0.0.pt,VOCAB_SIZE=8192;N_BLOCKS=8;EMBED_DIM=384;ATTN_HEADS=6;FFN_DIM=1024;SEQ_LEN=1024;ROPE_BASE=10000.0;LR=0.001;MIN_LR=0.0;ADAM_BETA1=0.9;ADAM_BETA2=0.95;ADAM_EPS=1e-08;WARMUP_STEPS=10;BATCH_SIZE=16;GRAD_ACCUM_STEPS=1;EPOCHS=1;MAX_STEPS=0;DROPOUT=0.0;WEIGHT_DECAY=0.0;MAX_GRAD_NORM=1.0;SEED=42;DATASET_PREFIX=8k;DATASET_VARIANT=42m;VALIDATION_INTERVAL=100;VALIDATION_STEPS=20;COMPILE_MODEL=True;COMPILE_MODE=default
sweep_20260813T085338Z-3943_arch_20m_dataset_42m_tokenizer_16k_vocab_16384_lr_1e-3_batch_16_dropout_0.0_weight_decay_0.0,42m,7.075904846,7.111250329,pretrain_base.py,/home/samuele/Desktop/pavullmo/models/sweep_20260813T085338Z-3943_arch_20m_dataset_42m_tokenizer_16k_vocab_16384_lr_1e-3_batch_16_dropout_0.0_weight_decay_0.0.pt,VOCAB_SIZE=16384;N_BLOCKS=8;EMBED_DIM=384;ATTN_HEADS=6;FFN_DIM=1024;SEQ_LEN=1024;ROPE_BASE=10000.0;LR=0.001;MIN_LR=0.0;ADAM_BETA1=0.9;ADAM_BETA2=0.95;ADAM_EPS=1e-08;WARMUP_STEPS=10;BATCH_SIZE=16;GRAD_ACCUM_STEPS=1;EPOCHS=1;MAX_STEPS=0;DROPOUT=0.0;WEIGHT_DECAY=0.0;MAX_GRAD_NORM=1.0;SEED=42;DATASET_PREFIX=16k;DATASET_VARIANT=42m;VALIDATION_INTERVAL=100;VALIDATION_STEPS=20;COMPILE_MODEL=True;COMPILE_MODE=default
sweep_20260813T085338Z-3943_arch_20m_dataset_42m_tokenizer_4k_vocab_4096_lr_0.75e-3_batch_8_dropout_0.0_weight_decay_0.0,42m,3.380995274,3.539196014,pretrain_base.py,/home/samuele/Desktop/pavullmo/models/sweep_20260813T085338Z-3943_arch_20m_dataset_42m_tokenizer_4k_vocab_4096_lr_0.75e-3_batch_8_dropout_0.0_weight_decay_0.0.pt,VOCAB_SIZE=4096;N_BLOCKS=8;EMBED_DIM=384;ATTN_HEADS=6;FFN_DIM=1024;SEQ_LEN=1024;ROPE_BASE=10000.0;LR=0.00075;MIN_LR=0.0;ADAM_BETA1=0.9;ADAM_BETA2=0.95;ADAM_EPS=1e-08;WARMUP_STEPS=10;BATCH_SIZE=8;GRAD_ACCUM_STEPS=1;EPOCHS=1;MAX_STEPS=0;DROPOUT=0.0;WEIGHT_DECAY=0.0;MAX_GRAD_NORM=1.0;SEED=42;DATASET_PREFIX=4k;DATASET_VARIANT=42m;VALIDATION_INTERVAL=100;VALIDATION_STEPS=20;COMPILE_MODEL=True;COMPILE_MODE=default
sweep_20260813T085338Z-3943_arch_20m_dataset_42m_tokenizer_8k_vocab_8192_lr_0.75e-3_batch_8_dropout_0.0_weight_decay_0.0,42m,5.384354115,5.488477874,pretrain_base.py,/home/samuele/Desktop/pavullmo/models/sweep_20260813T085338Z-3943_arch_20m_dataset_42m_tokenizer_8k_vocab_8192_lr_0.75e-3_batch_8_dropout_0.0_weight_decay_0.0.pt,VOCAB_SIZE=8192;N_BLOCKS=8;EMBED_DIM=384;ATTN_HEADS=6;FFN_DIM=1024;SEQ_LEN=1024;ROPE_BASE=10000.0;LR=0.00075;MIN_LR=0.0;ADAM_BETA1=0.9;ADAM_BETA2=0.95;ADAM_EPS=1e-08;WARMUP_STEPS=10;BATCH_SIZE=8;GRAD_ACCUM_STEPS=1;EPOCHS=1;MAX_STEPS=0;DROPOUT=0.0;WEIGHT_DECAY=0.0;MAX_GRAD_NORM=1.0;SEED=42;DATASET_PREFIX=8k;DATASET_VARIANT=42m;VALIDATION_INTERVAL=100;VALIDATION_STEPS=20;COMPILE_MODEL=True;COMPILE_MODE=default
sweep_20260813T085338Z-3943_arch_20m_dataset_42m_tokenizer_16k_vocab_16384_lr_0.75e-3_batch_8_dropout_0.0_weight_decay_0.0,42m,6.712841988,6.766595554,pretrain_base.py,/home/samuele/Desktop/pavullmo/models/sweep_20260813T085338Z-3943_arch_20m_dataset_42m_tokenizer_16k_vocab_16384_lr_0.75e-3_batch_8_dropout_0.0_weight_decay_0.0.pt,VOCAB_SIZE=16384;N_BLOCKS=8;EMBED_DIM=384;ATTN_HEADS=6;FFN_DIM=1024;SEQ_LEN=1024;ROPE_BASE=10000.0;LR=0.00075;MIN_LR=0.0;ADAM_BETA1=0.9;ADAM_BETA2=0.95;ADAM_EPS=1e-08;WARMUP_STEPS=10;BATCH_SIZE=8;GRAD_ACCUM_STEPS=1;EPOCHS=1;MAX_STEPS=0;DROPOUT=0.0;WEIGHT_DECAY=0.0;MAX_GRAD_NORM=1.0;SEED=42;DATASET_PREFIX=16k;DATASET_VARIANT=42m;VALIDATION_INTERVAL=100;VALIDATION_STEPS=20;COMPILE_MODEL=True;COMPILE_MODE=default
sweep_20260813T085338Z-3943_arch_20m_dataset_42m_tokenizer_4k_vocab_4096_lr_0.75e-3_batch_16_dropout_0.0_weight_decay_0.0,42m,3.700777531,3.775626063,pretrain_base.py,/home/samuele/Desktop/pavullmo/models/sweep_20260813T085338Z-3943_arch_20m_dataset_42m_tokenizer_4k_vocab_4096_lr_0.75e-3_batch_16_dropout_0.0_weight_decay_0.0.pt,VOCAB_SIZE=4096;N_BLOCKS=8;EMBED_DIM=384;ATTN_HEADS=6;FFN_DIM=1024;SEQ_LEN=1024;ROPE_BASE=10000.0;LR=0.00075;MIN_LR=0.0;ADAM_BETA1=0.9;ADAM_BETA2=0.95;ADAM_EPS=1e-08;WARMUP_STEPS=10;BATCH_SIZE=16;GRAD_ACCUM_STEPS=1;EPOCHS=1;MAX_STEPS=0;DROPOUT=0.0;WEIGHT_DECAY=0.0;MAX_GRAD_NORM=1.0;SEED=42;DATASET_PREFIX=4k;DATASET_VARIANT=42m;VALIDATION_INTERVAL=100;VALIDATION_STEPS=20;COMPILE_MODEL=True;COMPILE_MODE=default
sweep_20260813T085338Z-3943_arch_20m_dataset_42m_tokenizer_8k_vocab_8192_lr_0.75e-3_batch_16_dropout_0.0_weight_decay_0.0,42m,7.224514961,7.276810861,pretrain_base.py,/home/samuele/Desktop/pavullmo/models/sweep_20260813T085338Z-3943_arch_20m_dataset_42m_tokenizer_8k_vocab_8192_lr_0.75e-3_batch_16_dropout_0.0_weight_decay_0.0.pt,VOCAB_SIZE=8192;N_BLOCKS=8;EMBED_DIM=384;ATTN_HEADS=6;FFN_DIM=1024;SEQ_LEN=1024;ROPE_BASE=10000.0;LR=0.00075;MIN_LR=0.0;ADAM_BETA1=0.9;ADAM_BETA2=0.95;ADAM_EPS=1e-08;WARMUP_STEPS=10;BATCH_SIZE=16;GRAD_ACCUM_STEPS=1;EPOCHS=1;MAX_STEPS=0;DROPOUT=0.0;WEIGHT_DECAY=0.0;MAX_GRAD_NORM=1.0;SEED=42;DATASET_PREFIX=8k;DATASET_VARIANT=42m;VALIDATION_INTERVAL=100;VALIDATION_STEPS=20;COMPILE_MODEL=True;COMPILE_MODE=default
sweep_20260813T085338Z-3943_arch_20m_dataset_42m_tokenizer_16k_vocab_16384_lr_0.75e-3_batch_16_dropout_0.0_weight_decay_0.0,42m,7.344377518,7.373801017,pretrain_base.py,/home/samuele/Desktop/pavullmo/models/sweep_20260813T085338Z-3943_arch_20m_dataset_42m_tokenizer_16k_vocab_16384_lr_0.75e-3_batch_16_dropout_0.0_weight_decay_0.0.pt,VOCAB_SIZE=16384;N_BLOCKS=8;EMBED_DIM=384;ATTN_HEADS=6;FFN_DIM=1024;SEQ_LEN=1024;ROPE_BASE=10000.0;LR=0.00075;MIN_LR=0.0;ADAM_BETA1=0.9;ADAM_BETA2=0.95;ADAM_EPS=1e-08;WARMUP_STEPS=10;BATCH_SIZE=16;GRAD_ACCUM_STEPS=1;EPOCHS=1;MAX_STEPS=0;DROPOUT=0.0;WEIGHT_DECAY=0.0;MAX_GRAD_NORM=1.0;SEED=42;DATASET_PREFIX=16k;DATASET_VARIANT=42m;VALIDATION_INTERVAL=100;VALIDATION_STEPS=20;COMPILE_MODEL=True;COMPILE_MODE=default
sweep_20260813T085338Z-3943_arch_20m_dataset_42m_tokenizer_4k_vocab_4096_lr_0.5e-3_batch_8_dropout_0.0_weight_decay_0.0,42m,3.415859222,3.580231178,pretrain_base.py,/home/samuele/Desktop/pavullmo/models/sweep_20260813T085338Z-3943_arch_20m_dataset_42m_tokenizer_4k_vocab_4096_lr_0.5e-3_batch_8_dropout_0.0_weight_decay_0.0.pt,VOCAB_SIZE=4096;N_BLOCKS=8;EMBED_DIM=384;ATTN_HEADS=6;FFN_DIM=1024;SEQ_LEN=1024;ROPE_BASE=10000.0;LR=0.0005;MIN_LR=0.0;ADAM_BETA1=0.9;ADAM_BETA2=0.95;ADAM_EPS=1e-08;WARMUP_STEPS=10;BATCH_SIZE=8;GRAD_ACCUM_STEPS=1;EPOCHS=1;MAX_STEPS=0;DROPOUT=0.0;WEIGHT_DECAY=0.0;MAX_GRAD_NORM=1.0;SEED=42;DATASET_PREFIX=4k;DATASET_VARIANT=42m;VALIDATION_INTERVAL=100;VALIDATION_STEPS=20;COMPILE_MODEL=True;COMPILE_MODE=default
sweep_20260813T085338Z-3943_arch_20m_dataset_42m_tokenizer_8k_vocab_8192_lr_0.5e-3_batch_8_dropout_0.0_weight_decay_0.0,42m,5.761400223,5.822290301,pretrain_base.py,/home/samuele/Desktop/pavullmo/models/sweep_20260813T085338Z-3943_arch_20m_dataset_42m_tokenizer_8k_vocab_8192_lr_0.5e-3_batch_8_dropout_0.0_weight_decay_0.0.pt,VOCAB_SIZE=8192;N_BLOCKS=8;EMBED_DIM=384;ATTN_HEADS=6;FFN_DIM=1024;SEQ_LEN=1024;ROPE_BASE=10000.0;LR=0.0005;MIN_LR=0.0;ADAM_BETA1=0.9;ADAM_BETA2=0.95;ADAM_EPS=1e-08;WARMUP_STEPS=10;BATCH_SIZE=8;GRAD_ACCUM_STEPS=1;EPOCHS=1;MAX_STEPS=0;DROPOUT=0.0;WEIGHT_DECAY=0.0;MAX_GRAD_NORM=1.0;SEED=42;DATASET_PREFIX=8k;DATASET_VARIANT=42m;VALIDATION_INTERVAL=100;VALIDATION_STEPS=20;COMPILE_MODEL=True;COMPILE_MODE=default
sweep_20260813T085338Z-3943_arch_20m_dataset_42m_tokenizer_16k_vocab_16384_lr_0.5e-3_batch_8_dropout_0.0_weight_decay_0.0,42m,7.412373066,7.446197534,pretrain_base.py,/home/samuele/Desktop/pavullmo/models/sweep_20260813T085338Z-3943_arch_20m_dataset_42m_tokenizer_16k_vocab_16384_lr_0.5e-3_batch_8_dropout_0.0_weight_decay_0.0.pt,VOCAB_SIZE=16384;N_BLOCKS=8;EMBED_DIM=384;ATTN_HEADS=6;FFN_DIM=1024;SEQ_LEN=1024;ROPE_BASE=10000.0;LR=0.0005;MIN_LR=0.0;ADAM_BETA1=0.9;ADAM_BETA2=0.95;ADAM_EPS=1e-08;WARMUP_STEPS=10;BATCH_SIZE=8;GRAD_ACCUM_STEPS=1;EPOCHS=1;MAX_STEPS=0;DROPOUT=0.0;WEIGHT_DECAY=0.0;MAX_GRAD_NORM=1.0;SEED=42;DATASET_PREFIX=16k;DATASET_VARIANT=42m;VALIDATION_INTERVAL=100;VALIDATION_STEPS=20;COMPILE_MODEL=True;COMPILE_MODE=default
sweep_20260813T085338Z-3943_arch_20m_dataset_42m_tokenizer_4k_vocab_4096_lr_0.5e-3_batch_16_dropout_0.0_weight_decay_0.0,42m,3.792570829,3.864565086,pretrain_base.py,/home/samuele/Desktop/pavullmo/models/sweep_20260813T085338Z-3943_arch_20m_dataset_42m_tokenizer_4k_vocab_4096_lr_0.5e-3_batch_16_dropout_0.0_weight_decay_0.0.pt,VOCAB_SIZE=4096;N_BLOCKS=8;EMBED_DIM=384;ATTN_HEADS=6;FFN_DIM=1024;SEQ_LEN=1024;ROPE_BASE=10000.0;LR=0.0005;MIN_LR=0.0;ADAM_BETA1=0.9;ADAM_BETA2=0.95;ADAM_EPS=1e-08;WARMUP_STEPS=10;BATCH_SIZE=16;GRAD_ACCUM_STEPS=1;EPOCHS=1;MAX_STEPS=0;DROPOUT=0.0;WEIGHT_DECAY=0.0;MAX_GRAD_NORM=1.0;SEED=42;DATASET_PREFIX=4k;DATASET_VARIANT=42m;VALIDATION_INTERVAL=100;VALIDATION_STEPS=20;COMPILE_MODEL=True;COMPILE_MODE=default
sweep_20260813T085338Z-3943_arch_20m_dataset_42m_tokenizer_8k_vocab_8192_lr_0.5e-3_batch_16_dropout_0.0_weight_decay_0.0,42m,6.322803497,6.454048824,pretrain_base.py,/home/samuele/Desktop/pavullmo/models/sweep_20260813T085338Z-3943_arch_20m_dataset_42m_tokenizer_8k_vocab_8192_lr_0.5e-3_batch_16_dropout_0.0_weight_decay_0.0.pt,VOCAB_SIZE=8192;N_BLOCKS=8;EMBED_DIM=384;ATTN_HEADS=6;FFN_DIM=1024;SEQ_LEN=1024;ROPE_BASE=10000.0;LR=0.0005;MIN_LR=0.0;ADAM_BETA1=0.9;ADAM_BETA2=0.95;ADAM_EPS=1e-08;WARMUP_STEPS=10;BATCH_SIZE=16;GRAD_ACCUM_STEPS=1;EPOCHS=1;MAX_STEPS=0;DROPOUT=0.0;WEIGHT_DECAY=0.0;MAX_GRAD_NORM=1.0;SEED=42;DATASET_PREFIX=8k;DATASET_VARIANT=42m;VALIDATION_INTERVAL=100;VALIDATION_STEPS=20;COMPILE_MODEL=True;COMPILE_MODE=default
sweep_20260813T085338Z-3943_arch_20m_dataset_42m_tokenizer_16k_vocab_16384_lr_0.5e-3_batch_16_dropout_0.0_weight_decay_0.0,42m,16.39128494,16.41892214,pretrain_base.py,/home/samuele/Desktop/pavullmo/models/sweep_20260813T085338Z-3943_arch_20m_dataset_42m_tokenizer_16k_vocab_16384_lr_0.5e-3_batch_16_dropout_0.0_weight_decay_0.0.pt,VOCAB_SIZE=16384;N_BLOCKS=8;EMBED_DIM=384;ATTN_HEADS=6;FFN_DIM=1024;SEQ_LEN=1024;ROPE_BASE=10000.0;LR=0.0005;MIN_LR=0.0;ADAM_BETA1=0.9;ADAM_BETA2=0.95;ADAM_EPS=1e-08;WARMUP_STEPS=10;BATCH_SIZE=16;GRAD_ACCUM_STEPS=1;EPOCHS=1;MAX_STEPS=0;DROPOUT=0.0;WEIGHT_DECAY=0.0;MAX_GRAD_NORM=1.0;SEED=42;DATASET_PREFIX=16k;DATASET_VARIANT=42m;VALIDATION_INTERVAL=100;VALIDATION_STEPS=20;COMPILE_MODEL=True;COMPILE_MODE=default
sweep_20260813T085338Z-3943_arch_20m_dataset_42m_tokenizer_4k_vocab_4096_lr_0.25e-3_batch_8_dropout_0.0_weight_decay_0.0,42m,3.681818724,3.850622094,pretrain_base.py,/home/samuele/Desktop/pavullmo/models/sweep_20260813T085338Z-3943_arch_20m_dataset_42m_tokenizer_4k_vocab_4096_lr_0.25e-3_batch_8_dropout_0.0_weight_decay_0.0.pt,VOCAB_SIZE=4096;N_BLOCKS=8;EMBED_DIM=384;ATTN_HEADS=6;FFN_DIM=1024;SEQ_LEN=1024;ROPE_BASE=10000.0;LR=0.00025;MIN_LR=0.0;ADAM_BETA1=0.9;ADAM_BETA2=0.95;ADAM_EPS=1e-08;WARMUP_STEPS=10;BATCH_SIZE=8;GRAD_ACCUM_STEPS=1;EPOCHS=1;MAX_STEPS=0;DROPOUT=0.0;WEIGHT_DECAY=0.0;MAX_GRAD_NORM=1.0;SEED=42;DATASET_PREFIX=4k;DATASET_VARIANT=42m;VALIDATION_INTERVAL=100;VALIDATION_STEPS=20;COMPILE_MODEL=True;COMPILE_MODE=default
sweep_20260813T085338Z-3943_arch_20m_dataset_42m_tokenizer_8k_vocab_8192_lr_0.25e-3_batch_8_dropout_0.0_weight_decay_0.0,42m,6.262448311,6.362728,pretrain_base.py,/home/samuele/Desktop/pavullmo/models/sweep_20260813T085338Z-3943_arch_20m_dataset_42m_tokenizer_8k_vocab_8192_lr_0.25e-3_batch_8_dropout_0.0_weight_decay_0.0.pt,VOCAB_SIZE=8192;N_BLOCKS=8;EMBED_DIM=384;ATTN_HEADS=6;FFN_DIM=1024;SEQ_LEN=1024;ROPE_BASE=10000.0;LR=0.00025;MIN_LR=0.0;ADAM_BETA1=0.9;ADAM_BETA2=0.95;ADAM_EPS=1e-08;WARMUP_STEPS=10;BATCH_SIZE=8;GRAD_ACCUM_STEPS=1;EPOCHS=1;MAX_STEPS=0;DROPOUT=0.0;WEIGHT_DECAY=0.0;MAX_GRAD_NORM=1.0;SEED=42;DATASET_PREFIX=8k;DATASET_VARIANT=42m;VALIDATION_INTERVAL=100;VALIDATION_STEPS=20;COMPILE_MODEL=True;COMPILE_MODE=default
sweep_20260813T085338Z-3943_arch_20m_dataset_42m_tokenizer_16k_vocab_16384_lr_0.25e-3_batch_8_dropout_0.0_weight_decay_0.0,42m,8.291753769,8.369404912,pretrain_base.py,/home/samuele/Desktop/pavullmo/models/sweep_20260813T085338Z-3943_arch_20m_dataset_42m_tokenizer_16k_vocab_16384_lr_0.25e-3_batch_8_dropout_0.0_weight_decay_0.0.pt,VOCAB_SIZE=16384;N_BLOCKS=8;EMBED_DIM=384;ATTN_HEADS=6;FFN_DIM=1024;SEQ_LEN=1024;ROPE_BASE=10000.0;LR=0.00025;MIN_LR=0.0;ADAM_BETA1=0.9;ADAM_BETA2=0.95;ADAM_EPS=1e-08;WARMUP_STEPS=10;BATCH_SIZE=8;GRAD_ACCUM_STEPS=1;EPOCHS=1;MAX_STEPS=0;DROPOUT=0.0;WEIGHT_DECAY=0.0;MAX_GRAD_NORM=1.0;SEED=42;DATASET_PREFIX=16k;DATASET_VARIANT=42m;VALIDATION_INTERVAL=100;VALIDATION_STEPS=20;COMPILE_MODEL=True;COMPILE_MODE=default
sweep_20260813T085338Z-3943_arch_20m_dataset_42m_tokenizer_4k_vocab_4096_lr_0.25e-3_batch_16_dropout_0.0_weight_decay_0.0,42m,4.217795372,4.293453479,pretrain_base.py,/home/samuele/Desktop/pavullmo/models/sweep_20260813T085338Z-3943_arch_20m_dataset_42m_tokenizer_4k_vocab_4096_lr_0.25e-3_batch_16_dropout_0.0_weight_decay_0.0.pt,VOCAB_SIZE=4096;N_BLOCKS=8;EMBED_DIM=384;ATTN_HEADS=6;FFN_DIM=1024;SEQ_LEN=1024;ROPE_BASE=10000.0;LR=0.00025;MIN_LR=0.0;ADAM_BETA1=0.9;ADAM_BETA2=0.95;ADAM_EPS=1e-08;WARMUP_STEPS=10;BATCH_SIZE=16;GRAD_ACCUM_STEPS=1;EPOCHS=1;MAX_STEPS=0;DROPOUT=0.0;WEIGHT_DECAY=0.0;MAX_GRAD_NORM=1.0;SEED=42;DATASET_PREFIX=4k;DATASET_VARIANT=42m;VALIDATION_INTERVAL=100;VALIDATION_STEPS=20;COMPILE_MODEL=True;COMPILE_MODE=default
sweep_20260813T085338Z-3943_arch_20m_dataset_42m_tokenizer_8k_vocab_8192_lr_0.25e-3_batch_16_dropout_0.0_weight_decay_0.0,42m,8.376829147,8.478680563,pretrain_base.py,/home/samuele/Desktop/pavullmo/models/sweep_20260813T085338Z-3943_arch_20m_dataset_42m_tokenizer_8k_vocab_8192_lr_0.25e-3_batch_16_dropout_0.0_weight_decay_0.0.pt,VOCAB_SIZE=8192;N_BLOCKS=8;EMBED_DIM=384;ATTN_HEADS=6;FFN_DIM=1024;SEQ_LEN=1024;ROPE_BASE=10000.0;LR=0.00025;MIN_LR=0.0;ADAM_BETA1=0.9;ADAM_BETA2=0.95;ADAM_EPS=1e-08;WARMUP_STEPS=10;BATCH_SIZE=16;GRAD_ACCUM_STEPS=1;EPOCHS=1;MAX_STEPS=0;DROPOUT=0.0;WEIGHT_DECAY=0.0;MAX_GRAD_NORM=1.0;SEED=42;DATASET_PREFIX=8k;DATASET_VARIANT=42m;VALIDATION_INTERVAL=100;VALIDATION_STEPS=20;COMPILE_MODEL=True;COMPILE_MODE=default
sweep_20260813T085338Z-3943_arch_20m_dataset_42m_tokenizer_16k_vocab_16384_lr_0.25e-3_batch_16_dropout_0.0_weight_decay_0.0,42m,12.51877117,12.49719539,pretrain_base.py,/home/samuele/Desktop/pavullmo/models/sweep_20260813T085338Z-3943_arch_20m_dataset_42m_tokenizer_16k_vocab_16384_lr_0.25e-3_batch_16_dropout_0.0_weight_decay_0.0.pt,VOCAB_SIZE=16384;N_BLOCKS=8;EMBED_DIM=384;ATTN_HEADS=6;FFN_DIM=1024;SEQ_LEN=1024;ROPE_BASE=10000.0;LR=0.00025;MIN_LR=0.0;ADAM_BETA1=0.9;ADAM_BETA2=0.95;ADAM_EPS=1e-08;WARMUP_STEPS=10;BATCH_SIZE=16;GRAD_ACCUM_STEPS=1;EPOCHS=1;MAX_STEPS=0;DROPOUT=0.0;WEIGHT_DECAY=0.0;MAX_GRAD_NORM=1.0;SEED=42;DATASET_PREFIX=16k;DATASET_VARIANT=42m;VALIDATION_INTERVAL=100;VALIDATION_STEPS=20;COMPILE_MODEL=True;COMPILE_MODE=default
sweep_20260813T094702Z-11515_arch_35m_dataset_42m_tokenizer_4k_vocab_4096_lr_1.25e-3_batch_8_dropout_0.0_weight_decay_0.0,42m,3.28620553,3.439056671,pretrain_base.py,/home/samuele/Desktop/pavullmo/models/sweep_20260813T094702Z-11515_arch_35m_dataset_42m_tokenizer_4k_vocab_4096_lr_1.25e-3_batch_8_dropout_0.0_weight_decay_0.0.pt,VOCAB_SIZE=4096;N_BLOCKS=11;EMBED_DIM=448;ATTN_HEADS=7;FFN_DIM=1216;SEQ_LEN=1024;ROPE_BASE=10000.0;LR=0.00125;MIN_LR=0.0;ADAM_BETA1=0.9;ADAM_BETA2=0.95;ADAM_EPS=1e-08;WARMUP_STEPS=10;BATCH_SIZE=8;GRAD_ACCUM_STEPS=1;EPOCHS=1;MAX_STEPS=0;DROPOUT=0.0;WEIGHT_DECAY=0.0;MAX_GRAD_NORM=1.0;SEED=42;DATASET_PREFIX=4k;DATASET_VARIANT=42m;VALIDATION_INTERVAL=100;VALIDATION_STEPS=20;COMPILE_MODEL=True;COMPILE_MODE=default
sweep_20260813T094702Z-11515_arch_35m_dataset_42m_tokenizer_8k_vocab_8192_lr_1.25e-3_batch_8_dropout_0.0_weight_decay_0.0,42m,5.137439251,5.228872228,pretrain_base.py,/home/samuele/Desktop/pavullmo/models/sweep_20260813T094702Z-11515_arch_35m_dataset_42m_tokenizer_8k_vocab_8192_lr_1.25e-3_batch_8_dropout_0.0_weight_decay_0.0.pt,VOCAB_SIZE=8192;N_BLOCKS=11;EMBED_DIM=448;ATTN_HEADS=7;FFN_DIM=1216;SEQ_LEN=1024;ROPE_BASE=10000.0;LR=0.00125;MIN_LR=0.0;ADAM_BETA1=0.9;ADAM_BETA2=0.95;ADAM_EPS=1e-08;WARMUP_STEPS=10;BATCH_SIZE=8;GRAD_ACCUM_STEPS=1;EPOCHS=1;MAX_STEPS=0;DROPOUT=0.0;WEIGHT_DECAY=0.0;MAX_GRAD_NORM=1.0;SEED=42;DATASET_PREFIX=8k;DATASET_VARIANT=42m;VALIDATION_INTERVAL=100;VALIDATION_STEPS=20;COMPILE_MODEL=True;COMPILE_MODE=default
sweep_20260813T094702Z-11515_arch_35m_dataset_42m_tokenizer_16k_vocab_16384_lr_1.25e-3_batch_8_dropout_0.0_weight_decay_0.0,42m,6.911275864,6.948000264,pretrain_base.py,/home/samuele/Desktop/pavullmo/models/sweep_20260813T094702Z-11515_arch_35m_dataset_42m_tokenizer_16k_vocab_16384_lr_1.25e-3_batch_8_dropout_0.0_weight_decay_0.0.pt,VOCAB_SIZE=16384;N_BLOCKS=11;EMBED_DIM=448;ATTN_HEADS=7;FFN_DIM=1216;SEQ_LEN=1024;ROPE_BASE=10000.0;LR=0.00125;MIN_LR=0.0;ADAM_BETA1=0.9;ADAM_BETA2=0.95;ADAM_EPS=1e-08;WARMUP_STEPS=10;BATCH_SIZE=8;GRAD_ACCUM_STEPS=1;EPOCHS=1;MAX_STEPS=0;DROPOUT=0.0;WEIGHT_DECAY=0.0;MAX_GRAD_NORM=1.0;SEED=42;DATASET_PREFIX=16k;DATASET_VARIANT=42m;VALIDATION_INTERVAL=100;VALIDATION_STEPS=20;COMPILE_MODEL=True;COMPILE_MODE=default
sweep_20260813T094702Z-11515_arch_35m_dataset_42m_tokenizer_4k_vocab_4096_lr_1.25e-3_batch_16_dropout_0.0_weight_decay_0.0,42m,3.536169052,3.609912157,pretrain_base.py,/home/samuele/Desktop/pavullmo/models/sweep_20260813T094702Z-11515_arch_35m_dataset_42m_tokenizer_4k_vocab_4096_lr_1.25e-3_batch_16_dropout_0.0_weight_decay_0.0.pt,VOCAB_SIZE=4096;N_BLOCKS=11;EMBED_DIM=448;ATTN_HEADS=7;FFN_DIM=1216;SEQ_LEN=1024;ROPE_BASE=10000.0;LR=0.00125;MIN_LR=0.0;ADAM_BETA1=0.9;ADAM_BETA2=0.95;ADAM_EPS=1e-08;WARMUP_STEPS=10;BATCH_SIZE=16;GRAD_ACCUM_STEPS=1;EPOCHS=1;MAX_STEPS=0;DROPOUT=0.0;WEIGHT_DECAY=0.0;MAX_GRAD_NORM=1.0;SEED=42;DATASET_PREFIX=4k;DATASET_VARIANT=42m;VALIDATION_INTERVAL=100;VALIDATION_STEPS=20;COMPILE_MODEL=True;COMPILE_MODE=default
sweep_20260813T094702Z-11515_arch_35m_dataset_42m_tokenizer_8k_vocab_8192_lr_1.25e-3_batch_16_dropout_0.0_weight_decay_0.0,42m,5.523771286,5.599985409,pretrain_base.py,/home/samuele/Desktop/pavullmo/models/sweep_20260813T094702Z-11515_arch_35m_dataset_42m_tokenizer_8k_vocab_8192_lr_1.25e-3_batch_16_dropout_0.0_weight_decay_0.0.pt,VOCAB_SIZE=8192;N_BLOCKS=11;EMBED_DIM=448;ATTN_HEADS=7;FFN_DIM=1216;SEQ_LEN=1024;ROPE_BASE=10000.0;LR=0.00125;MIN_LR=0.0;ADAM_BETA1=0.9;ADAM_BETA2=0.95;ADAM_EPS=1e-08;WARMUP_STEPS=10;BATCH_SIZE=16;GRAD_ACCUM_STEPS=1;EPOCHS=1;MAX_STEPS=0;DROPOUT=0.0;WEIGHT_DECAY=0.0;MAX_GRAD_NORM=1.0;SEED=42;DATASET_PREFIX=8k;DATASET_VARIANT=42m;VALIDATION_INTERVAL=100;VALIDATION_STEPS=20;COMPILE_MODEL=True;COMPILE_MODE=default
sweep_20260813T094702Z-11515_arch_35m_dataset_42m_tokenizer_16k_vocab_16384_lr_1.25e-3_batch_16_dropout_0.0_weight_decay_0.0,42m,7.126637459,7.132148218,pretrain_base.py,/home/samuele/Desktop/pavullmo/models/sweep_20260813T094702Z-11515_arch_35m_dataset_42m_tokenizer_16k_vocab_16384_lr_1.25e-3_batch_16_dropout_0.0_weight_decay_0.0.pt,VOCAB_SIZE=16384;N_BLOCKS=11;EMBED_DIM=448;ATTN_HEADS=7;FFN_DIM=1216;SEQ_LEN=1024;ROPE_BASE=10000.0;LR=0.00125;MIN_LR=0.0;ADAM_BETA1=0.9;ADAM_BETA2=0.95;ADAM_EPS=1e-08;WARMUP_STEPS=10;BATCH_SIZE=16;GRAD_ACCUM_STEPS=1;EPOCHS=1;MAX_STEPS=0;DROPOUT=0.0;WEIGHT_DECAY=0.0;MAX_GRAD_NORM=1.0;SEED=42;DATASET_PREFIX=16k;DATASET_VARIANT=42m;VALIDATION_INTERVAL=100;VALIDATION_STEPS=20;COMPILE_MODEL=True;COMPILE_MODE=default
sweep_20260813T094702Z-11515_arch_35m_dataset_42m_tokenizer_4k_vocab_4096_lr_1e-3_batch_8_dropout_0.0_weight_decay_0.0,42m,3.282715797,3.434304309,pretrain_base.py,/home/samuele/Desktop/pavullmo/models/sweep_20260813T094702Z-11515_arch_35m_dataset_42m_tokenizer_4k_vocab_4096_lr_1e-3_batch_8_dropout_0.0_weight_decay_0.0.pt,VOCAB_SIZE=4096;N_BLOCKS=11;EMBED_DIM=448;ATTN_HEADS=7;FFN_DIM=1216;SEQ_LEN=1024;ROPE_BASE=10000.0;LR=0.001;MIN_LR=0.0;ADAM_BETA1=0.9;ADAM_BETA2=0.95;ADAM_EPS=1e-08;WARMUP_STEPS=10;BATCH_SIZE=8;GRAD_ACCUM_STEPS=1;EPOCHS=1;MAX_STEPS=0;DROPOUT=0.0;WEIGHT_DECAY=0.0;MAX_GRAD_NORM=1.0;SEED=42;DATASET_PREFIX=4k;DATASET_VARIANT=42m;VALIDATION_INTERVAL=100;VALIDATION_STEPS=20;COMPILE_MODEL=True;COMPILE_MODE=default
sweep_20260813T094702Z-11515_arch_35m_dataset_42m_tokenizer_8k_vocab_8192_lr_1e-3_batch_8_dropout_0.0_weight_decay_0.0,42m,5.165388107,5.244861269,pretrain_base.py,/home/samuele/Desktop/pavullmo/models/sweep_20260813T094702Z-11515_arch_35m_dataset_42m_tokenizer_8k_vocab_8192_lr_1e-3_batch_8_dropout_0.0_weight_decay_0.0.pt,VOCAB_SIZE=8192;N_BLOCKS=11;EMBED_DIM=448;ATTN_HEADS=7;FFN_DIM=1216;SEQ_LEN=1024;ROPE_BASE=10000.0;LR=0.001;MIN_LR=0.0;ADAM_BETA1=0.9;ADAM_BETA2=0.95;ADAM_EPS=1e-08;WARMUP_STEPS=10;BATCH_SIZE=8;GRAD_ACCUM_STEPS=1;EPOCHS=1;MAX_STEPS=0;DROPOUT=0.0;WEIGHT_DECAY=0.0;MAX_GRAD_NORM=1.0;SEED=42;DATASET_PREFIX=8k;DATASET_VARIANT=42m;VALIDATION_INTERVAL=100;VALIDATION_STEPS=20;COMPILE_MODEL=True;COMPILE_MODE=default
sweep_20260813T094702Z-11515_arch_35m_dataset_42m_tokenizer_16k_vocab_16384_lr_1e-3_batch_8_dropout_0.0_weight_decay_0.0,42m,6.953845978,6.986533165,pretrain_base.py,/home/samuele/Desktop/pavullmo/models/sweep_20260813T094702Z-11515_arch_35m_dataset_42m_tokenizer_16k_vocab_16384_lr_1e-3_batch_8_dropout_0.0_weight_decay_0.0.pt,VOCAB_SIZE=16384;N_BLOCKS=11;EMBED_DIM=448;ATTN_HEADS=7;FFN_DIM=1216;SEQ_LEN=1024;ROPE_BASE=10000.0;LR=0.001;MIN_LR=0.0;ADAM_BETA1=0.9;ADAM_BETA2=0.95;ADAM_EPS=1e-08;WARMUP_STEPS=10;BATCH_SIZE=8;GRAD_ACCUM_STEPS=1;EPOCHS=1;MAX_STEPS=0;DROPOUT=0.0;WEIGHT_DECAY=0.0;MAX_GRAD_NORM=1.0;SEED=42;DATASET_PREFIX=16k;DATASET_VARIANT=42m;VALIDATION_INTERVAL=100;VALIDATION_STEPS=20;COMPILE_MODEL=True;COMPILE_MODE=default
sweep_20260813T094702Z-11515_arch_35m_dataset_42m_tokenizer_4k_vocab_4096_lr_1e-3_batch_16_dropout_0.0_weight_decay_0.0,42m,3.496973276,3.575955451,pretrain_base.py,/home/samuele/Desktop/pavullmo/models/sweep_20260813T094702Z-11515_arch_35m_dataset_42m_tokenizer_4k_vocab_4096_lr_1e-3_batch_16_dropout_0.0_weight_decay_0.0.pt,VOCAB_SIZE=4096;N_BLOCKS=11;EMBED_DIM=448;ATTN_HEADS=7;FFN_DIM=1216;SEQ_LEN=1024;ROPE_BASE=10000.0;LR=0.001;MIN_LR=0.0;ADAM_BETA1=0.9;ADAM_BETA2=0.95;ADAM_EPS=1e-08;WARMUP_STEPS=10;BATCH_SIZE=16;GRAD_ACCUM_STEPS=1;EPOCHS=1;MAX_STEPS=0;DROPOUT=0.0;WEIGHT_DECAY=0.0;MAX_GRAD_NORM=1.0;SEED=42;DATASET_PREFIX=4k;DATASET_VARIANT=42m;VALIDATION_INTERVAL=100;VALIDATION_STEPS=20;COMPILE_MODEL=True;COMPILE_MODE=default
sweep_20260813T094702Z-11515_arch_35m_dataset_42m_tokenizer_8k_vocab_8192_lr_1e-3_batch_16_dropout_0.0_weight_decay_0.0,42m,5.531754494,5.613490534,pretrain_base.py,/home/samuele/Desktop/pavullmo/models/sweep_20260813T094702Z-11515_arch_35m_dataset_42m_tokenizer_8k_vocab_8192_lr_1e-3_batch_16_dropout_0.0_weight_decay_0.0.pt,VOCAB_SIZE=8192;N_BLOCKS=11;EMBED_DIM=448;ATTN_HEADS=7;FFN_DIM=1216;SEQ_LEN=1024;ROPE_BASE=10000.0;LR=0.001;MIN_LR=0.0;ADAM_BETA1=0.9;ADAM_BETA2=0.95;ADAM_EPS=1e-08;WARMUP_STEPS=10;BATCH_SIZE=16;GRAD_ACCUM_STEPS=1;EPOCHS=1;MAX_STEPS=0;DROPOUT=0.0;WEIGHT_DECAY=0.0;MAX_GRAD_NORM=1.0;SEED=42;DATASET_PREFIX=8k;DATASET_VARIANT=42m;VALIDATION_INTERVAL=100;VALIDATION_STEPS=20;COMPILE_MODEL=True;COMPILE_MODE=default
sweep_20260813T094702Z-11515_arch_35m_dataset_42m_tokenizer_16k_vocab_16384_lr_1e-3_batch_16_dropout_0.0_weight_decay_0.0,42m,6.984696388,7.027792645,pretrain_base.py,/home/samuele/Desktop/pavullmo/models/sweep_20260813T094702Z-11515_arch_35m_dataset_42m_tokenizer_16k_vocab_16384_lr_1e-3_batch_16_dropout_0.0_weight_decay_0.0.pt,VOCAB_SIZE=16384;N_BLOCKS=11;EMBED_DIM=448;ATTN_HEADS=7;FFN_DIM=1216;SEQ_LEN=1024;ROPE_BASE=10000.0;LR=0.001;MIN_LR=0.0;ADAM_BETA1=0.9;ADAM_BETA2=0.95;ADAM_EPS=1e-08;WARMUP_STEPS=10;BATCH_SIZE=16;GRAD_ACCUM_STEPS=1;EPOCHS=1;MAX_STEPS=0;DROPOUT=0.0;WEIGHT_DECAY=0.0;MAX_GRAD_NORM=1.0;SEED=42;DATASET_PREFIX=16k;DATASET_VARIANT=42m;VALIDATION_INTERVAL=100;VALIDATION_STEPS=20;COMPILE_MODEL=True;COMPILE_MODE=default
sweep_20260813T094702Z-11515_arch_35m_dataset_42m_tokenizer_4k_vocab_4096_lr_0.75e-3_batch_8_dropout_0.0_weight_decay_0.0,42m,3.253953218,3.406928945,pretrain_base.py,/home/samuele/Desktop/pavullmo/models/sweep_20260813T094702Z-11515_arch_35m_dataset_42m_tokenizer_4k_vocab_4096_lr_0.75e-3_batch_8_dropout_0.0_weight_decay_0.0.pt,VOCAB_SIZE=4096;N_BLOCKS=11;EMBED_DIM=448;ATTN_HEADS=7;FFN_DIM=1216;SEQ_LEN=1024;ROPE_BASE=10000.0;LR=0.00075;MIN_LR=0.0;ADAM_BETA1=0.9;ADAM_BETA2=0.95;ADAM_EPS=1e-08;WARMUP_STEPS=10;BATCH_SIZE=8;GRAD_ACCUM_STEPS=1;EPOCHS=1;MAX_STEPS=0;DROPOUT=0.0;WEIGHT_DECAY=0.0;MAX_GRAD_NORM=1.0;SEED=42;DATASET_PREFIX=4k;DATASET_VARIANT=42m;VALIDATION_INTERVAL=100;VALIDATION_STEPS=20;COMPILE_MODEL=True;COMPILE_MODE=default
sweep_20260813T094702Z-11515_arch_35m_dataset_42m_tokenizer_8k_vocab_8192_lr_0.75e-3_batch_8_dropout_0.0_weight_decay_0.0,42m,5.252669334,5.33642199,pretrain_base.py,/home/samuele/Desktop/pavullmo/models/sweep_20260813T094702Z-11515_arch_35m_dataset_42m_tokenizer_8k_vocab_8192_lr_0.75e-3_batch_8_dropout_0.0_weight_decay_0.0.pt,VOCAB_SIZE=8192;N_BLOCKS=11;EMBED_DIM=448;ATTN_HEADS=7;FFN_DIM=1216;SEQ_LEN=1024;ROPE_BASE=10000.0;LR=0.00075;MIN_LR=0.0;ADAM_BETA1=0.9;ADAM_BETA2=0.95;ADAM_EPS=1e-08;WARMUP_STEPS=10;BATCH_SIZE=8;GRAD_ACCUM_STEPS=1;EPOCHS=1;MAX_STEPS=0;DROPOUT=0.0;WEIGHT_DECAY=0.0;MAX_GRAD_NORM=1.0;SEED=42;DATASET_PREFIX=8k;DATASET_VARIANT=42m;VALIDATION_INTERVAL=100;VALIDATION_STEPS=20;COMPILE_MODEL=True;COMPILE_MODE=default
sweep_20260813T094702Z-11515_arch_35m_dataset_42m_tokenizer_16k_vocab_16384_lr_0.75e-3_batch_8_dropout_0.0_weight_decay_0.0,42m,6.898514271,6.941086435,pretrain_base.py,/home/samuele/Desktop/pavullmo/models/sweep_20260813T094702Z-11515_arch_35m_dataset_42m_tokenizer_16k_vocab_16384_lr_0.75e-3_batch_8_dropout_0.0_weight_decay_0.0.pt,VOCAB_SIZE=16384;N_BLOCKS=11;EMBED_DIM=448;ATTN_HEADS=7;FFN_DIM=1216;SEQ_LEN=1024;ROPE_BASE=10000.0;LR=0.00075;MIN_LR=0.0;ADAM_BETA1=0.9;ADAM_BETA2=0.95;ADAM_EPS=1e-08;WARMUP_STEPS=10;BATCH_SIZE=8;GRAD_ACCUM_STEPS=1;EPOCHS=1;MAX_STEPS=0;DROPOUT=0.0;WEIGHT_DECAY=0.0;MAX_GRAD_NORM=1.0;SEED=42;DATASET_PREFIX=16k;DATASET_VARIANT=42m;VALIDATION_INTERVAL=100;VALIDATION_STEPS=20;COMPILE_MODEL=True;COMPILE_MODE=default
sweep_20260813T094702Z-11515_arch_35m_dataset_42m_tokenizer_4k_vocab_4096_lr_0.75e-3_batch_16_dropout_0.0_weight_decay_0.0,42m,3.512956858,3.595495665,pretrain_base.py,/home/samuele/Desktop/pavullmo/models/sweep_20260813T094702Z-11515_arch_35m_dataset_42m_tokenizer_4k_vocab_4096_lr_0.75e-3_batch_16_dropout_0.0_weight_decay_0.0.pt,VOCAB_SIZE=4096;N_BLOCKS=11;EMBED_DIM=448;ATTN_HEADS=7;FFN_DIM=1216;SEQ_LEN=1024;ROPE_BASE=10000.0;LR=0.00075;MIN_LR=0.0;ADAM_BETA1=0.9;ADAM_BETA2=0.95;ADAM_EPS=1e-08;WARMUP_STEPS=10;BATCH_SIZE=16;GRAD_ACCUM_STEPS=1;EPOCHS=1;MAX_STEPS=0;DROPOUT=0.0;WEIGHT_DECAY=0.0;MAX_GRAD_NORM=1.0;SEED=42;DATASET_PREFIX=4k;DATASET_VARIANT=42m;VALIDATION_INTERVAL=100;VALIDATION_STEPS=20;COMPILE_MODEL=True;COMPILE_MODE=default
sweep_20260813T094702Z-11515_arch_35m_dataset_42m_tokenizer_8k_vocab_8192_lr_0.75e-3_batch_16_dropout_0.0_weight_decay_0.0,42m,5.748512268,5.800833344,pretrain_base.py,/home/samuele/Desktop/pavullmo/models/sweep_20260813T094702Z-11515_arch_35m_dataset_42m_tokenizer_8k_vocab_8192_lr_0.75e-3_batch_16_dropout_0.0_weight_decay_0.0.pt,VOCAB_SIZE=8192;N_BLOCKS=11;EMBED_DIM=448;ATTN_HEADS=7;FFN_DIM=1216;SEQ_LEN=1024;ROPE_BASE=10000.0;LR=0.00075;MIN_LR=0.0;ADAM_BETA1=0.9;ADAM_BETA2=0.95;ADAM_EPS=1e-08;WARMUP_STEPS=10;BATCH_SIZE=16;GRAD_ACCUM_STEPS=1;EPOCHS=1;MAX_STEPS=0;DROPOUT=0.0;WEIGHT_DECAY=0.0;MAX_GRAD_NORM=1.0;SEED=42;DATASET_PREFIX=8k;DATASET_VARIANT=42m;VALIDATION_INTERVAL=100;VALIDATION_STEPS=20;COMPILE_MODEL=True;COMPILE_MODE=default
sweep_20260813T094702Z-11515_arch_35m_dataset_42m_tokenizer_16k_vocab_16384_lr_0.75e-3_batch_16_dropout_0.0_weight_decay_0.0,42m,11.53394127,11.52529573,pretrain_base.py,/home/samuele/Desktop/pavullmo/models/sweep_20260813T094702Z-11515_arch_35m_dataset_42m_tokenizer_16k_vocab_16384_lr_0.75e-3_batch_16_dropout_0.0_weight_decay_0.0.pt,VOCAB_SIZE=16384;N_BLOCKS=11;EMBED_DIM=448;ATTN_HEADS=7;FFN_DIM=1216;SEQ_LEN=1024;ROPE_BASE=10000.0;LR=0.00075;MIN_LR=0.0;ADAM_BETA1=0.9;ADAM_BETA2=0.95;ADAM_EPS=1e-08;WARMUP_STEPS=10;BATCH_SIZE=16;GRAD_ACCUM_STEPS=1;EPOCHS=1;MAX_STEPS=0;DROPOUT=0.0;WEIGHT_DECAY=0.0;MAX_GRAD_NORM=1.0;SEED=42;DATASET_PREFIX=16k;DATASET_VARIANT=42m;VALIDATION_INTERVAL=100;VALIDATION_STEPS=20;COMPILE_MODEL=True;COMPILE_MODE=default
sweep_20260813T094702Z-11515_arch_35m_dataset_42m_tokenizer_4k_vocab_4096_lr_0.5e-3_batch_8_dropout_0.0_weight_decay_0.0,42m,3.309134722,3.45206058,pretrain_base.py,/home/samuele/Desktop/pavullmo/models/sweep_20260813T094702Z-11515_arch_35m_dataset_42m_tokenizer_4k_vocab_4096_lr_0.5e-3_batch_8_dropout_0.0_weight_decay_0.0.pt,VOCAB_SIZE=4096;N_BLOCKS=11;EMBED_DIM=448;ATTN_HEADS=7;FFN_DIM=1216;SEQ_LEN=1024;ROPE_BASE=10000.0;LR=0.0005;MIN_LR=0.0;ADAM_BETA1=0.9;ADAM_BETA2=0.95;ADAM_EPS=1e-08;WARMUP_STEPS=10;BATCH_SIZE=8;GRAD_ACCUM_STEPS=1;EPOCHS=1;MAX_STEPS=0;DROPOUT=0.0;WEIGHT_DECAY=0.0;MAX_GRAD_NORM=1.0;SEED=42;DATASET_PREFIX=4k;DATASET_VARIANT=42m;VALIDATION_INTERVAL=100;VALIDATION_STEPS=20;COMPILE_MODEL=True;COMPILE_MODE=default
sweep_20260813T094702Z-11515_arch_35m_dataset_42m_tokenizer_8k_vocab_8192_lr_0.5e-3_batch_8_dropout_0.0_weight_decay_0.0,42m,5.525693893,5.615176773,pretrain_base.py,/home/samuele/Desktop/pavullmo/models/sweep_20260813T094702Z-11515_arch_35m_dataset_42m_tokenizer_8k_vocab_8192_lr_0.5e-3_batch_8_dropout_0.0_weight_decay_0.0.pt,VOCAB_SIZE=8192;N_BLOCKS=11;EMBED_DIM=448;ATTN_HEADS=7;FFN_DIM=1216;SEQ_LEN=1024;ROPE_BASE=10000.0;LR=0.0005;MIN_LR=0.0;ADAM_BETA1=0.9;ADAM_BETA2=0.95;ADAM_EPS=1e-08;WARMUP_STEPS=10;BATCH_SIZE=8;GRAD_ACCUM_STEPS=1;EPOCHS=1;MAX_STEPS=0;DROPOUT=0.0;WEIGHT_DECAY=0.0;MAX_GRAD_NORM=1.0;SEED=42;DATASET_PREFIX=8k;DATASET_VARIANT=42m;VALIDATION_INTERVAL=100;VALIDATION_STEPS=20;COMPILE_MODEL=True;COMPILE_MODE=default
sweep_20260813T094702Z-11515_arch_35m_dataset_42m_tokenizer_16k_vocab_16384_lr_0.5e-3_batch_8_dropout_0.0_weight_decay_0.0,42m,6.976705074,6.981344748,pretrain_base.py,/home/samuele/Desktop/pavullmo/models/sweep_20260813T094702Z-11515_arch_35m_dataset_42m_tokenizer_16k_vocab_16384_lr_0.5e-3_batch_8_dropout_0.0_weight_decay_0.0.pt,VOCAB_SIZE=16384;N_BLOCKS=11;EMBED_DIM=448;ATTN_HEADS=7;FFN_DIM=1216;SEQ_LEN=1024;ROPE_BASE=10000.0;LR=0.0005;MIN_LR=0.0;ADAM_BETA1=0.9;ADAM_BETA2=0.95;ADAM_EPS=1e-08;WARMUP_STEPS=10;BATCH_SIZE=8;GRAD_ACCUM_STEPS=1;EPOCHS=1;MAX_STEPS=0;DROPOUT=0.0;WEIGHT_DECAY=0.0;MAX_GRAD_NORM=1.0;SEED=42;DATASET_PREFIX=16k;DATASET_VARIANT=42m;VALIDATION_INTERVAL=100;VALIDATION_STEPS=20;COMPILE_MODEL=True;COMPILE_MODE=default
sweep_20260813T094702Z-11515_arch_35m_dataset_42m_tokenizer_4k_vocab_4096_lr_0.5e-3_batch_16_dropout_0.0_weight_decay_0.0,42m,3.638946056,3.704867256,pretrain_base.py,/home/samuele/Desktop/pavullmo/models/sweep_20260813T094702Z-11515_arch_35m_dataset_42m_tokenizer_4k_vocab_4096_lr_0.5e-3_batch_16_dropout_0.0_weight_decay_0.0.pt,VOCAB_SIZE=4096;N_BLOCKS=11;EMBED_DIM=448;ATTN_HEADS=7;FFN_DIM=1216;SEQ_LEN=1024;ROPE_BASE=10000.0;LR=0.0005;MIN_LR=0.0;ADAM_BETA1=0.9;ADAM_BETA2=0.95;ADAM_EPS=1e-08;WARMUP_STEPS=10;BATCH_SIZE=16;GRAD_ACCUM_STEPS=1;EPOCHS=1;MAX_STEPS=0;DROPOUT=0.0;WEIGHT_DECAY=0.0;MAX_GRAD_NORM=1.0;SEED=42;DATASET_PREFIX=4k;DATASET_VARIANT=42m;VALIDATION_INTERVAL=100;VALIDATION_STEPS=20;COMPILE_MODEL=True;COMPILE_MODE=default
sweep_20260813T094702Z-11515_arch_35m_dataset_42m_tokenizer_8k_vocab_8192_lr_0.5e-3_batch_16_dropout_0.0_weight_decay_0.0,42m,5.965335846,6.014807725,pretrain_base.py,/home/samuele/Desktop/pavullmo/models/sweep_20260813T094702Z-11515_arch_35m_dataset_42m_tokenizer_8k_vocab_8192_lr_0.5e-3_batch_16_dropout_0.0_weight_decay_0.0.pt,VOCAB_SIZE=8192;N_BLOCKS=11;EMBED_DIM=448;ATTN_HEADS=7;FFN_DIM=1216;SEQ_LEN=1024;ROPE_BASE=10000.0;LR=0.0005;MIN_LR=0.0;ADAM_BETA1=0.9;ADAM_BETA2=0.95;ADAM_EPS=1e-08;WARMUP_STEPS=10;BATCH_SIZE=16;GRAD_ACCUM_STEPS=1;EPOCHS=1;MAX_STEPS=0;DROPOUT=0.0;WEIGHT_DECAY=0.0;MAX_GRAD_NORM=1.0;SEED=42;DATASET_PREFIX=8k;DATASET_VARIANT=42m;VALIDATION_INTERVAL=100;VALIDATION_STEPS=20;COMPILE_MODEL=True;COMPILE_MODE=default
sweep_20260813T094702Z-11515_arch_35m_dataset_42m_tokenizer_16k_vocab_16384_lr_0.5e-3_batch_16_dropout_0.0_weight_decay_0.0,42m,18.52685165,18.58110056,pretrain_base.py,/home/samuele/Desktop/pavullmo/models/sweep_20260813T094702Z-11515_arch_35m_dataset_42m_tokenizer_16k_vocab_16384_lr_0.5e-3_batch_16_dropout_0.0_weight_decay_0.0.pt,VOCAB_SIZE=16384;N_BLOCKS=11;EMBED_DIM=448;ATTN_HEADS=7;FFN_DIM=1216;SEQ_LEN=1024;ROPE_BASE=10000.0;LR=0.0005;MIN_LR=0.0;ADAM_BETA1=0.9;ADAM_BETA2=0.95;ADAM_EPS=1e-08;WARMUP_STEPS=10;BATCH_SIZE=16;GRAD_ACCUM_STEPS=1;EPOCHS=1;MAX_STEPS=0;DROPOUT=0.0;WEIGHT_DECAY=0.0;MAX_GRAD_NORM=1.0;SEED=42;DATASET_PREFIX=16k;DATASET_VARIANT=42m;VALIDATION_INTERVAL=100;VALIDATION_STEPS=20;COMPILE_MODEL=True;COMPILE_MODE=default
sweep_20260813T094702Z-11515_arch_35m_dataset_42m_tokenizer_4k_vocab_4096_lr_0.25e-3_batch_8_dropout_0.0_weight_decay_0.0,42m,3.507733345,3.656865585,pretrain_base.py,/home/samuele/Desktop/pavullmo/models/sweep_20260813T094702Z-11515_arch_35m_dataset_42m_tokenizer_4k_vocab_4096_lr_0.25e-3_batch_8_dropout_0.0_weight_decay_0.0.pt,VOCAB_SIZE=4096;N_BLOCKS=11;EMBED_DIM=448;ATTN_HEADS=7;FFN_DIM=1216;SEQ_LEN=1024;ROPE_BASE=10000.0;LR=0.00025;MIN_LR=0.0;ADAM_BETA1=0.9;ADAM_BETA2=0.95;ADAM_EPS=1e-08;WARMUP_STEPS=10;BATCH_SIZE=8;GRAD_ACCUM_STEPS=1;EPOCHS=1;MAX_STEPS=0;DROPOUT=0.0;WEIGHT_DECAY=0.0;MAX_GRAD_NORM=1.0;SEED=42;DATASET_PREFIX=4k;DATASET_VARIANT=42m;VALIDATION_INTERVAL=100;VALIDATION_STEPS=20;COMPILE_MODEL=True;COMPILE_MODE=default
sweep_20260813T094702Z-11515_arch_35m_dataset_42m_tokenizer_8k_vocab_8192_lr_0.25e-3_batch_8_dropout_0.0_weight_decay_0.0,42m,5.945298672,5.97989049,pretrain_base.py,/home/samuele/Desktop/pavullmo/models/sweep_20260813T094702Z-11515_arch_35m_dataset_42m_tokenizer_8k_vocab_8192_lr_0.25e-3_batch_8_dropout_0.0_weight_decay_0.0.pt,VOCAB_SIZE=8192;N_BLOCKS=11;EMBED_DIM=448;ATTN_HEADS=7;FFN_DIM=1216;SEQ_LEN=1024;ROPE_BASE=10000.0;LR=0.00025;MIN_LR=0.0;ADAM_BETA1=0.9;ADAM_BETA2=0.95;ADAM_EPS=1e-08;WARMUP_STEPS=10;BATCH_SIZE=8;GRAD_ACCUM_STEPS=1;EPOCHS=1;MAX_STEPS=0;DROPOUT=0.0;WEIGHT_DECAY=0.0;MAX_GRAD_NORM=1.0;SEED=42;DATASET_PREFIX=8k;DATASET_VARIANT=42m;VALIDATION_INTERVAL=100;VALIDATION_STEPS=20;COMPILE_MODEL=True;COMPILE_MODE=default
sweep_20260813T094702Z-11515_arch_35m_dataset_42m_tokenizer_16k_vocab_16384_lr_0.25e-3_batch_8_dropout_0.0_weight_decay_0.0,42m,7.980979919,8.004512429,pretrain_base.py,/home/samuele/Desktop/pavullmo/models/sweep_20260813T094702Z-11515_arch_35m_dataset_42m_tokenizer_16k_vocab_16384_lr_0.25e-3_batch_8_dropout_0.0_weight_decay_0.0.pt,VOCAB_SIZE=16384;N_BLOCKS=11;EMBED_DIM=448;ATTN_HEADS=7;FFN_DIM=1216;SEQ_LEN=1024;ROPE_BASE=10000.0;LR=0.00025;MIN_LR=0.0;ADAM_BETA1=0.9;ADAM_BETA2=0.95;ADAM_EPS=1e-08;WARMUP_STEPS=10;BATCH_SIZE=8;GRAD_ACCUM_STEPS=1;EPOCHS=1;MAX_STEPS=0;DROPOUT=0.0;WEIGHT_DECAY=0.0;MAX_GRAD_NORM=1.0;SEED=42;DATASET_PREFIX=16k;DATASET_VARIANT=42m;VALIDATION_INTERVAL=100;VALIDATION_STEPS=20;COMPILE_MODEL=True;COMPILE_MODE=default
sweep_20260813T094702Z-11515_arch_35m_dataset_42m_tokenizer_4k_vocab_4096_lr_0.25e-3_batch_16_dropout_0.0_weight_decay_0.0,42m,3.911726952,3.973237443,pretrain_base.py,/home/samuele/Desktop/pavullmo/models/sweep_20260813T094702Z-11515_arch_35m_dataset_42m_tokenizer_4k_vocab_4096_lr_0.25e-3_batch_16_dropout_0.0_weight_decay_0.0.pt,VOCAB_SIZE=4096;N_BLOCKS=11;EMBED_DIM=448;ATTN_HEADS=7;FFN_DIM=1216;SEQ_LEN=1024;ROPE_BASE=10000.0;LR=0.00025;MIN_LR=0.0;ADAM_BETA1=0.9;ADAM_BETA2=0.95;ADAM_EPS=1e-08;WARMUP_STEPS=10;BATCH_SIZE=16;GRAD_ACCUM_STEPS=1;EPOCHS=1;MAX_STEPS=0;DROPOUT=0.0;WEIGHT_DECAY=0.0;MAX_GRAD_NORM=1.0;SEED=42;DATASET_PREFIX=4k;DATASET_VARIANT=42m;VALIDATION_INTERVAL=100;VALIDATION_STEPS=20;COMPILE_MODEL=True;COMPILE_MODE=default
sweep_20260813T094702Z-11515_arch_35m_dataset_42m_tokenizer_8k_vocab_8192_lr_0.25e-3_batch_16_dropout_0.0_weight_decay_0.0,42m,7.74465847,7.798909378,pretrain_base.py,/home/samuele/Desktop/pavullmo/models/sweep_20260813T094702Z-11515_arch_35m_dataset_42m_tokenizer_8k_vocab_8192_lr_0.25e-3_batch_16_dropout_0.0_weight_decay_0.0.pt,VOCAB_SIZE=8192;N_BLOCKS=11;EMBED_DIM=448;ATTN_HEADS=7;FFN_DIM=1216;SEQ_LEN=1024;ROPE_BASE=10000.0;LR=0.00025;MIN_LR=0.0;ADAM_BETA1=0.9;ADAM_BETA2=0.95;ADAM_EPS=1e-08;WARMUP_STEPS=10;BATCH_SIZE=16;GRAD_ACCUM_STEPS=1;EPOCHS=1;MAX_STEPS=0;DROPOUT=0.0;WEIGHT_DECAY=0.0;MAX_GRAD_NORM=1.0;SEED=42;DATASET_PREFIX=8k;DATASET_VARIANT=42m;VALIDATION_INTERVAL=100;VALIDATION_STEPS=20;COMPILE_MODEL=True;COMPILE_MODE=default
sweep_20260813T094702Z-11515_arch_35m_dataset_42m_tokenizer_16k_vocab_16384_lr_0.25e-3_batch_16_dropout_0.0_weight_decay_0.0,42m,11.77107048,11.715974,pretrain_base.py,/home/samuele/Desktop/pavullmo/models/sweep_20260813T094702Z-11515_arch_35m_dataset_42m_tokenizer_16k_vocab_16384_lr_0.25e-3_batch_16_dropout_0.0_weight_decay_0.0.pt,VOCAB_SIZE=16384;N_BLOCKS=11;EMBED_DIM=448;ATTN_HEADS=7;FFN_DIM=1216;SEQ_LEN=1024;ROPE_BASE=10000.0;LR=0.00025;MIN_LR=0.0;ADAM_BETA1=0.9;ADAM_BETA2=0.95;ADAM_EPS=1e-08;WARMUP_STEPS=10;BATCH_SIZE=16;GRAD_ACCUM_STEPS=1;EPOCHS=1;MAX_STEPS=0;DROPOUT=0.0;WEIGHT_DECAY=0.0;MAX_GRAD_NORM=1.0;SEED=42;DATASET_PREFIX=16k;DATASET_VARIANT=42m;VALIDATION_INTERVAL=100;VALIDATION_STEPS=20;COMPILE_MODEL=True;COMPILE_MODE=default
10m_tok4k_421m,421m,2.675918341,2.736062872,pretrain_base.py,/home/samuele/Desktop/pavullmo/models/10m_tok4k_421m.pt,VOCAB_SIZE=4096;N_BLOCKS=8;EMBED_DIM=256;ATTN_HEADS=4;FFN_DIM=704;SEQ_LEN=1024;ROPE_BASE=10000.0;LR=0.00125;MIN_LR=0.0;ADAM_BETA1=0.9;ADAM_BETA2=0.95;ADAM_EPS=1e-08;WARMUP_STEPS=10;BATCH_SIZE=8;GRAD_ACCUM_STEPS=1;EPOCHS=1;MAX_STEPS=0;DROPOUT=0.0;WEIGHT_DECAY=0.0;MAX_GRAD_NORM=1.0;SEED=42;DATASET_PREFIX=4k;DATASET_VARIANT=421m;VALIDATION_INTERVAL=200;VALIDATION_STEPS=20;COMPILE_MODEL=True;COMPILE_MODE=default
10m_tok4k_4b,4b,2.542511463,2.38420366,pretrain_base.py,/home/samuele/Desktop/pavullmo/models/10m_tok4k_4b.pt,VOCAB_SIZE=4096;N_BLOCKS=8;EMBED_DIM=256;ATTN_HEADS=4;FFN_DIM=704;SEQ_LEN=1024;ROPE_BASE=10000.0;LR=0.00125;MIN_LR=0.0;ADAM_BETA1=0.9;ADAM_BETA2=0.95;ADAM_EPS=1e-08;WARMUP_STEPS=10;BATCH_SIZE=8;GRAD_ACCUM_STEPS=1;EPOCHS=1;MAX_STEPS=0;DROPOUT=0.0;WEIGHT_DECAY=0.0;MAX_GRAD_NORM=1.0;SEED=42;DATASET_PREFIX=4k;DATASET_VARIANT=4b;VALIDATION_INTERVAL=200;VALIDATION_STEPS=20;COMPILE_MODEL=True;COMPILE_MODE=default
10m_tok16k_421m,421m,4.917819977,4.943568707,pretrain_base.py,/home/samuele/Desktop/pavullmo/models/10m_tok16k_421m.pt,VOCAB_SIZE=16384;N_BLOCKS=8;EMBED_DIM=256;ATTN_HEADS=4;FFN_DIM=704;SEQ_LEN=1024;ROPE_BASE=10000.0;LR=0.00125;MIN_LR=0.0;ADAM_BETA1=0.9;ADAM_BETA2=0.95;ADAM_EPS=1e-08;WARMUP_STEPS=10;BATCH_SIZE=8;GRAD_ACCUM_STEPS=1;EPOCHS=1;MAX_STEPS=0;DROPOUT=0.0;WEIGHT_DECAY=0.0;MAX_GRAD_NORM=1.0;SEED=42;DATASET_PREFIX=16k;DATASET_VARIANT=421m;VALIDATION_INTERVAL=200;VALIDATION_STEPS=20;COMPILE_MODEL=True;COMPILE_MODE=default
10m_tok16k_4b,4b,4.128409863,4.035369778,pretrain_base.py,/home/samuele/Desktop/pavullmo/models/10m_tok16k_4b.pt,VOCAB_SIZE=16384;N_BLOCKS=8;EMBED_DIM=256;ATTN_HEADS=4;FFN_DIM=704;SEQ_LEN=1024;ROPE_BASE=10000.0;LR=0.00125;MIN_LR=0.0;ADAM_BETA1=0.9;ADAM_BETA2=0.95;ADAM_EPS=1e-08;WARMUP_STEPS=10;BATCH_SIZE=8;GRAD_ACCUM_STEPS=1;EPOCHS=1;MAX_STEPS=0;DROPOUT=0.0;WEIGHT_DECAY=0.0;MAX_GRAD_NORM=1.0;SEED=42;DATASET_PREFIX=16k;DATASET_VARIANT=4b;VALIDATION_INTERVAL=200;VALIDATION_STEPS=20;COMPILE_MODEL=True;COMPILE_MODE=default
10m_tok8k_421m,421m,4.083886147,4.197994184,pretrain_base.py,/home/samuele/Desktop/pavullmo/models/10m_tok8k_421m.pt,VOCAB_SIZE=8192;N_BLOCKS=8;EMBED_DIM=256;ATTN_HEADS=4;FFN_DIM=704;SEQ_LEN=1024;ROPE_BASE=10000.0;LR=0.00125;MIN_LR=0.0;ADAM_BETA1=0.9;ADAM_BETA2=0.95;ADAM_EPS=1e-08;WARMUP_STEPS=10;BATCH_SIZE=8;GRAD_ACCUM_STEPS=1;EPOCHS=1;MAX_STEPS=0;DROPOUT=0.0;WEIGHT_DECAY=0.0;MAX_GRAD_NORM=1.0;SEED=42;DATASET_PREFIX=8k;DATASET_VARIANT=421m;VALIDATION_INTERVAL=200;VALIDATION_STEPS=20;COMPILE_MODEL=True;COMPILE_MODE=default
10m_tok8k_4b,4b,3.48985672,3.420726442,pretrain_base.py,/home/samuele/Desktop/pavullmo/models/10m_tok8k_4b.pt,VOCAB_SIZE=8192;N_BLOCKS=8;EMBED_DIM=256;ATTN_HEADS=4;FFN_DIM=704;SEQ_LEN=1024;ROPE_BASE=10000.0;LR=0.00125;MIN_LR=0.0;ADAM_BETA1=0.9;ADAM_BETA2=0.95;ADAM_EPS=1e-08;WARMUP_STEPS=10;BATCH_SIZE=8;GRAD_ACCUM_STEPS=1;EPOCHS=1;MAX_STEPS=0;DROPOUT=0.0;WEIGHT_DECAY=0.0;MAX_GRAD_NORM=1.0;SEED=42;DATASET_PREFIX=8k;DATASET_VARIANT=4b;VALIDATION_INTERVAL=200;VALIDATION_STEPS=20;COMPILE_MODEL=True;COMPILE_MODE=default
sweep_20260820T175011Z-58426_arch_50m_dataset_42m_tokenizer_8k_vocab_8192_lr_1.25e-3_batch_8_dropout_0.0_weight_decay_0.0,42m,5.265587807,5.3623348,modal_pretrain_base.py,/outputs/models/sweep_20260820T175011Z-58426_arch_50m_dataset_42m_tokenizer_8k_vocab_8192_lr_1.25e-3_batch_8_dropout_0.0_weight_decay_0.0.pt,VOCAB_SIZE=8192;N_BLOCKS=16;EMBED_DIM=512;ATTN_HEADS=8;FFN_DIM=1344;SEQ_LEN=1024;ROPE_BASE=10000.0;LR=0.00125;MIN_LR=0.0;ADAM_BETA1=0.9;ADAM_BETA2=0.95;ADAM_EPS=1e-08;WARMUP_STEPS=10;BATCH_SIZE=8;GRAD_ACCUM_STEPS=1;EPOCHS=1;MAX_STEPS=0;DROPOUT=0.0;WEIGHT_DECAY=0.0;MAX_GRAD_NORM=1.0;SEED=42;DATASET_PREFIX=8k;DATASET_VARIANT=42m;VALIDATION_INTERVAL=200;VALIDATION_STEPS=20;COMPILE_MODEL=True;COMPILE_MODE=default
sweep_20260820T175011Z-58426_arch_50m_dataset_42m_tokenizer_8k_vocab_8192_lr_1.25e-3_batch_16_dropout_0.0_weight_decay_0.0,42m,5.585281372,5.665218067,modal_pretrain_base.py,/outputs/models/sweep_20260820T175011Z-58426_arch_50m_dataset_42m_tokenizer_8k_vocab_8192_lr_1.25e-3_batch_16_dropout_0.0_weight_decay_0.0.pt,VOCAB_SIZE=8192;N_BLOCKS=16;EMBED_DIM=512;ATTN_HEADS=8;FFN_DIM=1344;SEQ_LEN=1024;ROPE_BASE=10000.0;LR=0.00125;MIN_LR=0.0;ADAM_BETA1=0.9;ADAM_BETA2=0.95;ADAM_EPS=1e-08;WARMUP_STEPS=10;BATCH_SIZE=16;GRAD_ACCUM_STEPS=1;EPOCHS=1;MAX_STEPS=0;DROPOUT=0.0;WEIGHT_DECAY=0.0;MAX_GRAD_NORM=1.0;SEED=42;DATASET_PREFIX=8k;DATASET_VARIANT=42m;VALIDATION_INTERVAL=200;VALIDATION_STEPS=20;COMPILE_MODEL=True;COMPILE_MODE=default
sweep_20260820T175011Z-58426_arch_50m_dataset_42m_tokenizer_8k_vocab_8192_lr_1e-3_batch_8_dropout_0.0_weight_decay_0.0,42m,5.229003906,5.331174183,modal_pretrain_base.py,/outputs/models/sweep_20260820T175011Z-58426_arch_50m_dataset_42m_tokenizer_8k_vocab_8192_lr_1e-3_batch_8_dropout_0.0_weight_decay_0.0.pt,VOCAB_SIZE=8192;N_BLOCKS=16;EMBED_DIM=512;ATTN_HEADS=8;FFN_DIM=1344;SEQ_LEN=1024;ROPE_BASE=10000.0;LR=0.001;MIN_LR=0.0;ADAM_BETA1=0.9;ADAM_BETA2=0.95;ADAM_EPS=1e-08;WARMUP_STEPS=10;BATCH_SIZE=8;GRAD_ACCUM_STEPS=1;EPOCHS=1;MAX_STEPS=0;DROPOUT=0.0;WEIGHT_DECAY=0.0;MAX_GRAD_NORM=1.0;SEED=42;DATASET_PREFIX=8k;DATASET_VARIANT=42m;VALIDATION_INTERVAL=200;VALIDATION_STEPS=20;COMPILE_MODEL=True;COMPILE_MODE=default
sweep_20260820T175011Z-58426_arch_50m_dataset_42m_tokenizer_8k_vocab_8192_lr_1e-3_batch_16_dropout_0.0_weight_decay_0.0,42m,5.648357868,5.722507787,modal_pretrain_base.py,/outputs/models/sweep_20260820T175011Z-58426_arch_50m_dataset_42m_tokenizer_8k_vocab_8192_lr_1e-3_batch_16_dropout_0.0_weight_decay_0.0.pt,VOCAB_SIZE=8192;N_BLOCKS=16;EMBED_DIM=512;ATTN_HEADS=8;FFN_DIM=1344;SEQ_LEN=1024;ROPE_BASE=10000.0;LR=0.001;MIN_LR=0.0;ADAM_BETA1=0.9;ADAM_BETA2=0.95;ADAM_EPS=1e-08;WARMUP_STEPS=10;BATCH_SIZE=16;GRAD_ACCUM_STEPS=1;EPOCHS=1;MAX_STEPS=0;DROPOUT=0.0;WEIGHT_DECAY=0.0;MAX_GRAD_NORM=1.0;SEED=42;DATASET_PREFIX=8k;DATASET_VARIANT=42m;VALIDATION_INTERVAL=200;VALIDATION_STEPS=20;COMPILE_MODEL=True;COMPILE_MODE=default
sweep_20260820T175011Z-58426_arch_50m_dataset_42m_tokenizer_8k_vocab_8192_lr_0.75e-3_batch_8_dropout_0.0_weight_decay_0.0,42m,5.233282089,5.337394309,modal_pretrain_base.py,/outputs/models/sweep_20260820T175011Z-58426_arch_50m_dataset_42m_tokenizer_8k_vocab_8192_lr_0.75e-3_batch_8_dropout_0.0_weight_decay_0.0.pt,VOCAB_SIZE=8192;N_BLOCKS=16;EMBED_DIM=512;ATTN_HEADS=8;FFN_DIM=1344;SEQ_LEN=1024;ROPE_BASE=10000.0;LR=0.00075;MIN_LR=0.0;ADAM_BETA1=0.9;ADAM_BETA2=0.95;ADAM_EPS=1e-08;WARMUP_STEPS=10;BATCH_SIZE=8;GRAD_ACCUM_STEPS=1;EPOCHS=1;MAX_STEPS=0;DROPOUT=0.0;WEIGHT_DECAY=0.0;MAX_GRAD_NORM=1.0;SEED=42;DATASET_PREFIX=8k;DATASET_VARIANT=42m;VALIDATION_INTERVAL=200;VALIDATION_STEPS=20;COMPILE_MODEL=True;COMPILE_MODE=default
sweep_20260820T175011Z-58426_arch_50m_dataset_42m_tokenizer_8k_vocab_8192_lr_0.75e-3_batch_16_dropout_0.0_weight_decay_0.0,42m,5.603024006,5.700312257,modal_pretrain_base.py,/outputs/models/sweep_20260820T175011Z-58426_arch_50m_dataset_42m_tokenizer_8k_vocab_8192_lr_0.75e-3_batch_16_dropout_0.0_weight_decay_0.0.pt,VOCAB_SIZE=8192;N_BLOCKS=16;EMBED_DIM=512;ATTN_HEADS=8;FFN_DIM=1344;SEQ_LEN=1024;ROPE_BASE=10000.0;LR=0.00075;MIN_LR=0.0;ADAM_BETA1=0.9;ADAM_BETA2=0.95;ADAM_EPS=1e-08;WARMUP_STEPS=10;BATCH_SIZE=16;GRAD_ACCUM_STEPS=1;EPOCHS=1;MAX_STEPS=0;DROPOUT=0.0;WEIGHT_DECAY=0.0;MAX_GRAD_NORM=1.0;SEED=42;DATASET_PREFIX=8k;DATASET_VARIANT=42m;VALIDATION_INTERVAL=200;VALIDATION_STEPS=20;COMPILE_MODEL=True;COMPILE_MODE=default
sweep_20260820T175011Z-58426_arch_50m_dataset_42m_tokenizer_8k_vocab_8192_lr_0.5e-3_batch_8_dropout_0.0_weight_decay_0.0,42m,5.305869579,5.407384181,modal_pretrain_base.py,/outputs/models/sweep_20260820T175011Z-58426_arch_50m_dataset_42m_tokenizer_8k_vocab_8192_lr_0.5e-3_batch_8_dropout_0.0_weight_decay_0.0.pt,VOCAB_SIZE=8192;N_BLOCKS=16;EMBED_DIM=512;ATTN_HEADS=8;FFN_DIM=1344;SEQ_LEN=1024;ROPE_BASE=10000.0;LR=0.0005;MIN_LR=0.0;ADAM_BETA1=0.9;ADAM_BETA2=0.95;ADAM_EPS=1e-08;WARMUP_STEPS=10;BATCH_SIZE=8;GRAD_ACCUM_STEPS=1;EPOCHS=1;MAX_STEPS=0;DROPOUT=0.0;WEIGHT_DECAY=0.0;MAX_GRAD_NORM=1.0;SEED=42;DATASET_PREFIX=8k;DATASET_VARIANT=42m;VALIDATION_INTERVAL=200;VALIDATION_STEPS=20;COMPILE_MODEL=True;COMPILE_MODE=default
sweep_20260820T175011Z-58426_arch_50m_dataset_42m_tokenizer_8k_vocab_8192_lr_0.5e-3_batch_16_dropout_0.0_weight_decay_0.0,42m,5.800294876,5.871375632,modal_pretrain_base.py,/outputs/models/sweep_20260820T175011Z-58426_arch_50m_dataset_42m_tokenizer_8k_vocab_8192_lr_0.5e-3_batch_16_dropout_0.0_weight_decay_0.0.pt,VOCAB_SIZE=8192;N_BLOCKS=16;EMBED_DIM=512;ATTN_HEADS=8;FFN_DIM=1344;SEQ_LEN=1024;ROPE_BASE=10000.0;LR=0.0005;MIN_LR=0.0;ADAM_BETA1=0.9;ADAM_BETA2=0.95;ADAM_EPS=1e-08;WARMUP_STEPS=10;BATCH_SIZE=16;GRAD_ACCUM_STEPS=1;EPOCHS=1;MAX_STEPS=0;DROPOUT=0.0;WEIGHT_DECAY=0.0;MAX_GRAD_NORM=1.0;SEED=42;DATASET_PREFIX=8k;DATASET_VARIANT=42m;VALIDATION_INTERVAL=200;VALIDATION_STEPS=20;COMPILE_MODEL=True;COMPILE_MODE=default
sweep_20260820T175011Z-58426_arch_50m_dataset_42m_tokenizer_8k_vocab_8192_lr_0.25e-3_batch_8_dropout_0.0_weight_decay_0.0,42m,5.678044319,5.818880749,modal_pretrain_base.py,/outputs/models/sweep_20260820T175011Z-58426_arch_50m_dataset_42m_tokenizer_8k_vocab_8192_lr_0.25e-3_batch_8_dropout_0.0_weight_decay_0.0.pt,VOCAB_SIZE=8192;N_BLOCKS=16;EMBED_DIM=512;ATTN_HEADS=8;FFN_DIM=1344;SEQ_LEN=1024;ROPE_BASE=10000.0;LR=0.00025;MIN_LR=0.0;ADAM_BETA1=0.9;ADAM_BETA2=0.95;ADAM_EPS=1e-08;WARMUP_STEPS=10;BATCH_SIZE=8;GRAD_ACCUM_STEPS=1;EPOCHS=1;MAX_STEPS=0;DROPOUT=0.0;WEIGHT_DECAY=0.0;MAX_GRAD_NORM=1.0;SEED=42;DATASET_PREFIX=8k;DATASET_VARIANT=42m;VALIDATION_INTERVAL=200;VALIDATION_STEPS=20;COMPILE_MODEL=True;COMPILE_MODE=default
sweep_20260820T175011Z-58426_arch_50m_dataset_42m_tokenizer_8k_vocab_8192_lr_0.25e-3_batch_16_dropout_0.0_weight_decay_0.0,42m,7.358696461,7.446766925,modal_pretrain_base.py,/outputs/models/sweep_20260820T175011Z-58426_arch_50m_dataset_42m_tokenizer_8k_vocab_8192_lr_0.25e-3_batch_16_dropout_0.0_weight_decay_0.0.pt,VOCAB_SIZE=8192;N_BLOCKS=16;EMBED_DIM=512;ATTN_HEADS=8;FFN_DIM=1344;SEQ_LEN=1024;ROPE_BASE=10000.0;LR=0.00025;MIN_LR=0.0;ADAM_BETA1=0.9;ADAM_BETA2=0.95;ADAM_EPS=1e-08;WARMUP_STEPS=10;BATCH_SIZE=16;GRAD_ACCUM_STEPS=1;EPOCHS=1;MAX_STEPS=0;DROPOUT=0.0;WEIGHT_DECAY=0.0;MAX_GRAD_NORM=1.0;SEED=42;DATASET_PREFIX=8k;DATASET_VARIANT=42m;VALIDATION_INTERVAL=200;VALIDATION_STEPS=20;COMPILE_MODEL=True;COMPILE_MODE=default
10m_tok8k_90M,90m,4.882852077,4.918416572,pretrain_base.py,/home/samuele/Desktop/pavullmo/models/10m_tok8k_90M.pt,VOCAB_SIZE=8192;N_BLOCKS=8;EMBED_DIM=256;ATTN_HEADS=4;FFN_DIM=704;SEQ_LEN=1024;ROPE_BASE=10000.0;LR=0.00125;MIN_LR=0.0;ADAM_BETA1=0.9;ADAM_BETA2=0.95;ADAM_EPS=1e-08;WARMUP_STEPS=10;BATCH_SIZE=8;GRAD_ACCUM_STEPS=1;EPOCHS=1;MAX_STEPS=0;DROPOUT=0.0;WEIGHT_DECAY=0.0;MAX_GRAD_NORM=1.0;SEED=42;DATASET_PREFIX=8k;DATASET_VARIANT=90m;VALIDATION_INTERVAL=100;VALIDATION_STEPS=20;COMPILE_MODEL=True;COMPILE_MODE=default
10m_tok8k_195M,195m,4.446055412,4.486038637,pretrain_base.py,/home/samuele/Desktop/pavullmo/models/10m_tok8k_195M.pt,VOCAB_SIZE=8192;N_BLOCKS=8;EMBED_DIM=256;ATTN_HEADS=4;FFN_DIM=704;SEQ_LEN=1024;ROPE_BASE=10000.0;LR=0.00125;MIN_LR=0.0;ADAM_BETA1=0.9;ADAM_BETA2=0.95;ADAM_EPS=1e-08;WARMUP_STEPS=10;BATCH_SIZE=8;GRAD_ACCUM_STEPS=1;EPOCHS=1;MAX_STEPS=0;DROPOUT=0.0;WEIGHT_DECAY=0.0;MAX_GRAD_NORM=1.0;SEED=42;DATASET_PREFIX=8k;DATASET_VARIANT=195m;VALIDATION_INTERVAL=100;VALIDATION_STEPS=20;COMPILE_MODEL=True;COMPILE_MODE=default
10m_tok8k_907M,907m,3.730879784,3.807742846,pretrain_base.py,/home/samuele/Desktop/pavullmo/models/10m_tok8k_907M.pt,VOCAB_SIZE=8192;N_BLOCKS=8;EMBED_DIM=256;ATTN_HEADS=4;FFN_DIM=704;SEQ_LEN=1024;ROPE_BASE=10000.0;LR=0.00125;MIN_LR=0.0;ADAM_BETA1=0.9;ADAM_BETA2=0.95;ADAM_EPS=1e-08;WARMUP_STEPS=10;BATCH_SIZE=8;GRAD_ACCUM_STEPS=1;EPOCHS=1;MAX_STEPS=0;DROPOUT=0.0;WEIGHT_DECAY=0.0;MAX_GRAD_NORM=1.0;SEED=42;DATASET_PREFIX=8k;DATASET_VARIANT=907m;VALIDATION_INTERVAL=100;VALIDATION_STEPS=20;COMPILE_MODEL=True;COMPILE_MODE=default
10m_tok8k_1B9,1b9,3.56925106,3.561701429,pretrain_base.py,/home/samuele/Desktop/pavullmo/models/10m_tok8k_1B9.pt,VOCAB_SIZE=8192;N_BLOCKS=8;EMBED_DIM=256;ATTN_HEADS=4;FFN_DIM=704;SEQ_LEN=1024;ROPE_BASE=10000.0;LR=0.00125;MIN_LR=0.0;ADAM_BETA1=0.9;ADAM_BETA2=0.95;ADAM_EPS=1e-08;WARMUP_STEPS=10;BATCH_SIZE=8;GRAD_ACCUM_STEPS=1;EPOCHS=1;MAX_STEPS=0;DROPOUT=0.0;WEIGHT_DECAY=0.0;MAX_GRAD_NORM=1.0;SEED=42;DATASET_PREFIX=8k;DATASET_VARIANT=1b9;VALIDATION_INTERVAL=100;VALIDATION_STEPS=20;COMPILE_MODEL=True;COMPILE_MODE=default
10m_tok4k_90M,90m,3.145908833,3.178387773,pretrain_base.py,/home/samuele/Desktop/pavullmo/models/10m_tok4k_90M.pt,VOCAB_SIZE=4096;N_BLOCKS=8;EMBED_DIM=256;ATTN_HEADS=4;FFN_DIM=704;SEQ_LEN=1024;ROPE_BASE=10000.0;LR=0.00125;MIN_LR=0.0;ADAM_BETA1=0.9;ADAM_BETA2=0.95;ADAM_EPS=1e-08;WARMUP_STEPS=10;BATCH_SIZE=8;GRAD_ACCUM_STEPS=1;EPOCHS=1;MAX_STEPS=0;DROPOUT=0.0;WEIGHT_DECAY=0.0;MAX_GRAD_NORM=1.0;SEED=42;DATASET_PREFIX=4k;DATASET_VARIANT=90m;VALIDATION_INTERVAL=100;VALIDATION_STEPS=20;COMPILE_MODEL=True;COMPILE_MODE=default
10m_tok4k_195M,195m,2.763668537,2.928164649,pretrain_base.py,/home/samuele/Desktop/pavullmo/models/10m_tok4k_195M.pt,VOCAB_SIZE=4096;N_BLOCKS=8;EMBED_DIM=256;ATTN_HEADS=4;FFN_DIM=704;SEQ_LEN=1024;ROPE_BASE=10000.0;LR=0.00125;MIN_LR=0.0;ADAM_BETA1=0.9;ADAM_BETA2=0.95;ADAM_EPS=1e-08;WARMUP_STEPS=10;BATCH_SIZE=8;GRAD_ACCUM_STEPS=1;EPOCHS=1;MAX_STEPS=0;DROPOUT=0.0;WEIGHT_DECAY=0.0;MAX_GRAD_NORM=1.0;SEED=42;DATASET_PREFIX=4k;DATASET_VARIANT=195m;VALIDATION_INTERVAL=100;VALIDATION_STEPS=20;COMPILE_MODEL=True;COMPILE_MODE=default
10m_tok4k_907M,907m,2.546947956,2.569455969,pretrain_base.py,/home/samuele/Desktop/pavullmo/models/10m_tok4k_907M.pt,VOCAB_SIZE=4096;N_BLOCKS=8;EMBED_DIM=256;ATTN_HEADS=4;FFN_DIM=704;SEQ_LEN=1024;ROPE_BASE=10000.0;LR=0.00125;MIN_LR=0.0;ADAM_BETA1=0.9;ADAM_BETA2=0.95;ADAM_EPS=1e-08;WARMUP_STEPS=10;BATCH_SIZE=8;GRAD_ACCUM_STEPS=1;EPOCHS=1;MAX_STEPS=0;DROPOUT=0.0;WEIGHT_DECAY=0.0;MAX_GRAD_NORM=1.0;SEED=42;DATASET_PREFIX=4k;DATASET_VARIANT=907m;VALIDATION_INTERVAL=100;VALIDATION_STEPS=20;COMPILE_MODEL=True;COMPILE_MODE=default
10m_tok4k_1B9,1b9,2.572806358,2.478390968,pretrain_base.py,/home/samuele/Desktop/pavullmo/models/10m_tok4k_1B9.pt,VOCAB_SIZE=4096;N_BLOCKS=8;EMBED_DIM=256;ATTN_HEADS=4;FFN_DIM=704;SEQ_LEN=1024;ROPE_BASE=10000.0;LR=0.00125;MIN_LR=0.0;ADAM_BETA1=0.9;ADAM_BETA2=0.95;ADAM_EPS=1e-08;WARMUP_STEPS=10;BATCH_SIZE=8;GRAD_ACCUM_STEPS=1;EPOCHS=1;MAX_STEPS=0;DROPOUT=0.0;WEIGHT_DECAY=0.0;MAX_GRAD_NORM=1.0;SEED=42;DATASET_PREFIX=4k;DATASET_VARIANT=1b9;VALIDATION_INTERVAL=100;VALIDATION_STEPS=20;COMPILE_MODEL=True;COMPILE_MODE=default
10m_tok16k_90M,90m,6.074702263,6.025409317,pretrain_base.py,/home/samuele/Desktop/pavullmo/models/10m_tok16k_90M.pt,VOCAB_SIZE=16384;N_BLOCKS=8;EMBED_DIM=256;ATTN_HEADS=4;FFN_DIM=704;SEQ_LEN=1024;ROPE_BASE=10000.0;LR=0.00125;MIN_LR=0.0;ADAM_BETA1=0.9;ADAM_BETA2=0.95;ADAM_EPS=1e-08;WARMUP_STEPS=10;BATCH_SIZE=8;GRAD_ACCUM_STEPS=1;EPOCHS=1;MAX_STEPS=0;DROPOUT=0.0;WEIGHT_DECAY=0.0;MAX_GRAD_NORM=1.0;SEED=42;DATASET_PREFIX=16k;DATASET_VARIANT=90m;VALIDATION_INTERVAL=100;VALIDATION_STEPS=20;COMPILE_MODEL=True;COMPILE_MODE=default
10m_tok16k_195M,195m,5.563302517,5.433114314,pretrain_base.py,/home/samuele/Desktop/pavullmo/models/10m_tok16k_195M.pt,VOCAB_SIZE=16384;N_BLOCKS=8;EMBED_DIM=256;ATTN_HEADS=4;FFN_DIM=704;SEQ_LEN=1024;ROPE_BASE=10000.0;LR=0.00125;MIN_LR=0.0;ADAM_BETA1=0.9;ADAM_BETA2=0.95;ADAM_EPS=1e-08;WARMUP_STEPS=10;BATCH_SIZE=8;GRAD_ACCUM_STEPS=1;EPOCHS=1;MAX_STEPS=0;DROPOUT=0.0;WEIGHT_DECAY=0.0;MAX_GRAD_NORM=1.0;SEED=42;DATASET_PREFIX=16k;DATASET_VARIANT=195m;VALIDATION_INTERVAL=100;VALIDATION_STEPS=20;COMPILE_MODEL=True;COMPILE_MODE=default
10m_tok16k_907M,907m,4.535449028,4.500860715,pretrain_base.py,/home/samuele/Desktop/pavullmo/models/10m_tok16k_907M.pt,VOCAB_SIZE=16384;N_BLOCKS=8;EMBED_DIM=256;ATTN_HEADS=4;FFN_DIM=704;SEQ_LEN=1024;ROPE_BASE=10000.0;LR=0.00125;MIN_LR=0.0;ADAM_BETA1=0.9;ADAM_BETA2=0.95;ADAM_EPS=1e-08;WARMUP_STEPS=10;BATCH_SIZE=8;GRAD_ACCUM_STEPS=1;EPOCHS=1;MAX_STEPS=0;DROPOUT=0.0;WEIGHT_DECAY=0.0;MAX_GRAD_NORM=1.0;SEED=42;DATASET_PREFIX=16k;DATASET_VARIANT=907m;VALIDATION_INTERVAL=100;VALIDATION_STEPS=20;COMPILE_MODEL=True;COMPILE_MODE=default
10m_tok16k_1B9,1b9,4.434348106,4.26979351,pretrain_base.py,/home/samuele/Desktop/pavullmo/models/10m_tok16k_1B9.pt,VOCAB_SIZE=16384;N_BLOCKS=8;EMBED_DIM=256;ATTN_HEADS=4;FFN_DIM=704;SEQ_LEN=1024;ROPE_BASE=10000.0;LR=0.00125;MIN_LR=0.0;ADAM_BETA1=0.9;ADAM_BETA2=0.95;ADAM_EPS=1e-08;WARMUP_STEPS=10;BATCH_SIZE=8;GRAD_ACCUM_STEPS=1;EPOCHS=1;MAX_STEPS=0;DROPOUT=0.0;WEIGHT_DECAY=0.0;MAX_GRAD_NORM=1.0;SEED=42;DATASET_PREFIX=16k;DATASET_VARIANT=1b9;VALIDATION_INTERVAL=100;VALIDATION_STEPS=20;COMPILE_MODEL=True;COMPILE_MODE=default
50m_tok8k_90m,90m,4.814287663,4.837163281,modal_pretrain_base.py,/outputs/models/50m_tok8k_90m.pt,VOCAB_SIZE=8192;N_BLOCKS=12;EMBED_DIM=512;ATTN_HEADS=8;FFN_DIM=1536;SEQ_LEN=1024;ROPE_BASE=10000.0;LR=0.001;MIN_LR=0.0;ADAM_BETA1=0.9;ADAM_BETA2=0.95;ADAM_EPS=1e-08;WARMUP_STEPS=10;BATCH_SIZE=8;GRAD_ACCUM_STEPS=1;EPOCHS=1;MAX_STEPS=0;DROPOUT=0.0;WEIGHT_DECAY=0.0;MAX_GRAD_NORM=1.0;SEED=42;DATASET_PREFIX=8k;DATASET_VARIANT=90m;VALIDATION_INTERVAL=200;VALIDATION_STEPS=20;COMPILE_MODEL=True;COMPILE_MODE=default
50m_tok8k_90m,90m,4.726840973,4.744466519,modal_pretrain_base.py,/outputs/models/50m_tok8k_90m.pt,VOCAB_SIZE=8192;N_BLOCKS=16;EMBED_DIM=512;ATTN_HEADS=8;FFN_DIM=1344;SEQ_LEN=1024;ROPE_BASE=10000.0;LR=0.001;MIN_LR=0.0;ADAM_BETA1=0.9;ADAM_BETA2=0.95;ADAM_EPS=1e-08;WARMUP_STEPS=10;BATCH_SIZE=8;GRAD_ACCUM_STEPS=1;EPOCHS=1;MAX_STEPS=0;DROPOUT=0.0;WEIGHT_DECAY=0.0;MAX_GRAD_NORM=1.0;SEED=42;DATASET_PREFIX=8k;DATASET_VARIANT=90m;VALIDATION_INTERVAL=200;VALIDATION_STEPS=20;COMPILE_MODEL=True;COMPILE_MODE=default
35m_tok8k_4b,4b,3.264738083,3.172349226,pretrain_base.py,/home/samuele/Desktop/pavullmo/models/35m_tok8k_4b.pt,VOCAB_SIZE=8192;N_BLOCKS=11;EMBED_DIM=448;ATTN_HEADS=7;FFN_DIM=1216;SEQ_LEN=1024;ROPE_BASE=10000.0;LR=0.00125;MIN_LR=0.0;ADAM_BETA1=0.9;ADAM_BETA2=0.95;ADAM_EPS=1e-08;WARMUP_STEPS=10;BATCH_SIZE=8;GRAD_ACCUM_STEPS=1;EPOCHS=1;MAX_STEPS=0;DROPOUT=0.0;WEIGHT_DECAY=0.0;MAX_GRAD_NORM=1.0;SEED=42;DATASET_PREFIX=8k;DATASET_VARIANT=4b;VALIDATION_INTERVAL=100;VALIDATION_STEPS=20;COMPILE_MODEL=True;COMPILE_MODE=default
sweep_20260828T101017Z-4563_arch_50m_dataset_42m_tokenizer_4k_vocab_4096_lr_1.25e-3_batch_8_dropout_0.0_weight_decay_0.0,42m,3.294203758,3.452097499,modal_pretrain_base.py,/outputs/models/sweep_20260828T101017Z-4563_arch_50m_dataset_42m_tokenizer_4k_vocab_4096_lr_1.25e-3_batch_8_dropout_0.0_weight_decay_0.0.pt,VOCAB_SIZE=4096;N_BLOCKS=16;EMBED_DIM=512;ATTN_HEADS=8;FFN_DIM=1344;SEQ_LEN=1024;ROPE_BASE=10000.0;LR=0.00125;MIN_LR=0.0;ADAM_BETA1=0.9;ADAM_BETA2=0.95;ADAM_EPS=1e-08;WARMUP_STEPS=10;BATCH_SIZE=8;GRAD_ACCUM_STEPS=1;EPOCHS=1;MAX_STEPS=0;DROPOUT=0.0;WEIGHT_DECAY=0.0;MAX_GRAD_NORM=1.0;SEED=42;DATASET_PREFIX=4k;DATASET_VARIANT=42m;VALIDATION_INTERVAL=200;VALIDATION_STEPS=20;COMPILE_MODEL=True;COMPILE_MODE=default
sweep_20260828T101017Z-4563_arch_50m_dataset_42m_tokenizer_4k_vocab_4096_lr_1.25e-3_batch_16_dropout_0.0_weight_decay_0.0,42m,3.543261528,3.620586729,modal_pretrain_base.py,/outputs/models/sweep_20260828T101017Z-4563_arch_50m_dataset_42m_tokenizer_4k_vocab_4096_lr_1.25e-3_batch_16_dropout_0.0_weight_decay_0.0.pt,VOCAB_SIZE=4096;N_BLOCKS=16;EMBED_DIM=512;ATTN_HEADS=8;FFN_DIM=1344;SEQ_LEN=1024;ROPE_BASE=10000.0;LR=0.00125;MIN_LR=0.0;ADAM_BETA1=0.9;ADAM_BETA2=0.95;ADAM_EPS=1e-08;WARMUP_STEPS=10;BATCH_SIZE=16;GRAD_ACCUM_STEPS=1;EPOCHS=1;MAX_STEPS=0;DROPOUT=0.0;WEIGHT_DECAY=0.0;MAX_GRAD_NORM=1.0;SEED=42;DATASET_PREFIX=4k;DATASET_VARIANT=42m;VALIDATION_INTERVAL=200;VALIDATION_STEPS=20;COMPILE_MODEL=True;COMPILE_MODE=default
sweep_20260828T101017Z-4563_arch_50m_dataset_42m_tokenizer_4k_vocab_4096_lr_1e-3_batch_8_dropout_0.0_weight_decay_0.0,42m,3.22381115,3.370833957,modal_pretrain_base.py,/outputs/models/sweep_20260828T101017Z-4563_arch_50m_dataset_42m_tokenizer_4k_vocab_4096_lr_1e-3_batch_8_dropout_0.0_weight_decay_0.0.pt,VOCAB_SIZE=4096;N_BLOCKS=16;EMBED_DIM=512;ATTN_HEADS=8;FFN_DIM=1344;SEQ_LEN=1024;ROPE_BASE=10000.0;LR=0.001;MIN_LR=0.0;ADAM_BETA1=0.9;ADAM_BETA2=0.95;ADAM_EPS=1e-08;WARMUP_STEPS=10;BATCH_SIZE=8;GRAD_ACCUM_STEPS=1;EPOCHS=1;MAX_STEPS=0;DROPOUT=0.0;WEIGHT_DECAY=0.0;MAX_GRAD_NORM=1.0;SEED=42;DATASET_PREFIX=4k;DATASET_VARIANT=42m;VALIDATION_INTERVAL=200;VALIDATION_STEPS=20;COMPILE_MODEL=True;COMPILE_MODE=default
sweep_20260828T101017Z-4563_arch_50m_dataset_42m_tokenizer_4k_vocab_4096_lr_1e-3_batch_16_dropout_0.0_weight_decay_0.0,42m,3.477513075,3.553150702,modal_pretrain_base.py,/outputs/models/sweep_20260828T101017Z-4563_arch_50m_dataset_42m_tokenizer_4k_vocab_4096_lr_1e-3_batch_16_dropout_0.0_weight_decay_0.0.pt,VOCAB_SIZE=4096;N_BLOCKS=16;EMBED_DIM=512;ATTN_HEADS=8;FFN_DIM=1344;SEQ_LEN=1024;ROPE_BASE=10000.0;LR=0.001;MIN_LR=0.0;ADAM_BETA1=0.9;ADAM_BETA2=0.95;ADAM_EPS=1e-08;WARMUP_STEPS=10;BATCH_SIZE=16;GRAD_ACCUM_STEPS=1;EPOCHS=1;MAX_STEPS=0;DROPOUT=0.0;WEIGHT_DECAY=0.0;MAX_GRAD_NORM=1.0;SEED=42;DATASET_PREFIX=4k;DATASET_VARIANT=42m;VALIDATION_INTERVAL=200;VALIDATION_STEPS=20;COMPILE_MODEL=True;COMPILE_MODE=default
sweep_20260828T101017Z-4563_arch_50m_dataset_42m_tokenizer_4k_vocab_4096_lr_0.75e-3_batch_8_dropout_0.0_weight_decay_0.0,42m,3.169201374,3.305922747,modal_pretrain_base.py,/outputs/models/sweep_20260828T101017Z-4563_arch_50m_dataset_42m_tokenizer_4k_vocab_4096_lr_0.75e-3_batch_8_dropout_0.0_weight_decay_0.0.pt,VOCAB_SIZE=4096;N_BLOCKS=16;EMBED_DIM=512;ATTN_HEADS=8;FFN_DIM=1344;SEQ_LEN=1024;ROPE_BASE=10000.0;LR=0.00075;MIN_LR=0.0;ADAM_BETA1=0.9;ADAM_BETA2=0.95;ADAM_EPS=1e-08;WARMUP_STEPS=10;BATCH_SIZE=8;GRAD_ACCUM_STEPS=1;EPOCHS=1;MAX_STEPS=0;DROPOUT=0.0;WEIGHT_DECAY=0.0;MAX_GRAD_NORM=1.0;SEED=42;DATASET_PREFIX=4k;DATASET_VARIANT=42m;VALIDATION_INTERVAL=200;VALIDATION_STEPS=20;COMPILE_MODEL=True;COMPILE_MODE=default
sweep_20260828T101017Z-4563_arch_50m_dataset_42m_tokenizer_4k_vocab_4096_lr_0.75e-3_batch_16_dropout_0.0_weight_decay_0.0,42m,3.438530922,3.51897012,modal_pretrain_base.py,/outputs/models/sweep_20260828T101017Z-4563_arch_50m_dataset_42m_tokenizer_4k_vocab_4096_lr_0.75e-3_batch_16_dropout_0.0_weight_decay_0.0.pt,VOCAB_SIZE=4096;N_BLOCKS=16;EMBED_DIM=512;ATTN_HEADS=8;FFN_DIM=1344;SEQ_LEN=1024;ROPE_BASE=10000.0;LR=0.00075;MIN_LR=0.0;ADAM_BETA1=0.9;ADAM_BETA2=0.95;ADAM_EPS=1e-08;WARMUP_STEPS=10;BATCH_SIZE=16;GRAD_ACCUM_STEPS=1;EPOCHS=1;MAX_STEPS=0;DROPOUT=0.0;WEIGHT_DECAY=0.0;MAX_GRAD_NORM=1.0;SEED=42;DATASET_PREFIX=4k;DATASET_VARIANT=42m;VALIDATION_INTERVAL=200;VALIDATION_STEPS=20;COMPILE_MODEL=True;COMPILE_MODE=default
sweep_20260828T101017Z-4563_arch_50m_dataset_42m_tokenizer_4k_vocab_4096_lr_0.5e-3_batch_8_dropout_0.0_weight_decay_0.0,42m,3.202475309,3.350310969,modal_pretrain_base.py,/outputs/models/sweep_20260828T101017Z-4563_arch_50m_dataset_42m_tokenizer_4k_vocab_4096_lr_0.5e-3_batch_8_dropout_0.0_weight_decay_0.0.pt,VOCAB_SIZE=4096;N_BLOCKS=16;EMBED_DIM=512;ATTN_HEADS=8;FFN_DIM=1344;SEQ_LEN=1024;ROPE_BASE=10000.0;LR=0.0005;MIN_LR=0.0;ADAM_BETA1=0.9;ADAM_BETA2=0.95;ADAM_EPS=1e-08;WARMUP_STEPS=10;BATCH_SIZE=8;GRAD_ACCUM_STEPS=1;EPOCHS=1;MAX_STEPS=0;DROPOUT=0.0;WEIGHT_DECAY=0.0;MAX_GRAD_NORM=1.0;SEED=42;DATASET_PREFIX=4k;DATASET_VARIANT=42m;VALIDATION_INTERVAL=200;VALIDATION_STEPS=20;COMPILE_MODEL=True;COMPILE_MODE=default
sweep_20260828T101017Z-4563_arch_50m_dataset_42m_tokenizer_4k_vocab_4096_lr_0.5e-3_batch_16_dropout_0.0_weight_decay_0.0,42m,3.587979317,3.669235373,modal_pretrain_base.py,/outputs/models/sweep_20260828T101017Z-4563_arch_50m_dataset_42m_tokenizer_4k_vocab_4096_lr_0.5e-3_batch_16_dropout_0.0_weight_decay_0.0.pt,VOCAB_SIZE=4096;N_BLOCKS=16;EMBED_DIM=512;ATTN_HEADS=8;FFN_DIM=1344;SEQ_LEN=1024;ROPE_BASE=10000.0;LR=0.0005;MIN_LR=0.0;ADAM_BETA1=0.9;ADAM_BETA2=0.95;ADAM_EPS=1e-08;WARMUP_STEPS=10;BATCH_SIZE=16;GRAD_ACCUM_STEPS=1;EPOCHS=1;MAX_STEPS=0;DROPOUT=0.0;WEIGHT_DECAY=0.0;MAX_GRAD_NORM=1.0;SEED=42;DATASET_PREFIX=4k;DATASET_VARIANT=42m;VALIDATION_INTERVAL=200;VALIDATION_STEPS=20;COMPILE_MODEL=True;COMPILE_MODE=default
sweep_20260828T101017Z-4563_arch_50m_dataset_42m_tokenizer_4k_vocab_4096_lr_0.25e-3_batch_8_dropout_0.0_weight_decay_0.0,42m,3.403314352,3.559289813,modal_pretrain_base.py,/outputs/models/sweep_20260828T101017Z-4563_arch_50m_dataset_42m_tokenizer_4k_vocab_4096_lr_0.25e-3_batch_8_dropout_0.0_weight_decay_0.0.pt,VOCAB_SIZE=4096;N_BLOCKS=16;EMBED_DIM=512;ATTN_HEADS=8;FFN_DIM=1344;SEQ_LEN=1024;ROPE_BASE=10000.0;LR=0.00025;MIN_LR=0.0;ADAM_BETA1=0.9;ADAM_BETA2=0.95;ADAM_EPS=1e-08;WARMUP_STEPS=10;BATCH_SIZE=8;GRAD_ACCUM_STEPS=1;EPOCHS=1;MAX_STEPS=0;DROPOUT=0.0;WEIGHT_DECAY=0.0;MAX_GRAD_NORM=1.0;SEED=42;DATASET_PREFIX=4k;DATASET_VARIANT=42m;VALIDATION_INTERVAL=200;VALIDATION_STEPS=20;COMPILE_MODEL=True;COMPILE_MODE=default
sweep_20260828T101017Z-4563_arch_50m_dataset_42m_tokenizer_4k_vocab_4096_lr_0.25e-3_batch_16_dropout_0.0_weight_decay_0.0,42m,3.911150455,3.970705426,modal_pretrain_base.py,/outputs/models/sweep_20260828T101017Z-4563_arch_50m_dataset_42m_tokenizer_4k_vocab_4096_lr_0.25e-3_batch_16_dropout_0.0_weight_decay_0.0.pt,VOCAB_SIZE=4096;N_BLOCKS=16;EMBED_DIM=512;ATTN_HEADS=8;FFN_DIM=1344;SEQ_LEN=1024;ROPE_BASE=10000.0;LR=0.00025;MIN_LR=0.0;ADAM_BETA1=0.9;ADAM_BETA2=0.95;ADAM_EPS=1e-08;WARMUP_STEPS=10;BATCH_SIZE=16;GRAD_ACCUM_STEPS=1;EPOCHS=1;MAX_STEPS=0;DROPOUT=0.0;WEIGHT_DECAY=0.0;MAX_GRAD_NORM=1.0;SEED=42;DATASET_PREFIX=4k;DATASET_VARIANT=42m;VALIDATION_INTERVAL=200;VALIDATION_STEPS=20;COMPILE_MODEL=True;COMPILE_MODE=default
sweep_20260828T112330Z-6776_arch_50m_dataset_42m_tokenizer_16k_vocab_16384_lr_1.25e-3_batch_8_dropout_0.0_weight_decay_0.0,42m,6.535828114,6.571718264,modal_pretrain_base.py,/outputs/models/sweep_20260828T112330Z-6776_arch_50m_dataset_42m_tokenizer_16k_vocab_16384_lr_1.25e-3_batch_8_dropout_0.0_weight_decay_0.0.pt,VOCAB_SIZE=16384;N_BLOCKS=16;EMBED_DIM=512;ATTN_HEADS=8;FFN_DIM=1344;SEQ_LEN=1024;ROPE_BASE=10000.0;LR=0.00125;MIN_LR=0.0;ADAM_BETA1=0.9;ADAM_BETA2=0.95;ADAM_EPS=1e-08;WARMUP_STEPS=10;BATCH_SIZE=8;GRAD_ACCUM_STEPS=1;EPOCHS=1;MAX_STEPS=0;DROPOUT=0.0;WEIGHT_DECAY=0.0;MAX_GRAD_NORM=1.0;SEED=42;DATASET_PREFIX=16k;DATASET_VARIANT=42m;VALIDATION_INTERVAL=200;VALIDATION_STEPS=20;COMPILE_MODEL=True;COMPILE_MODE=default
sweep_20260828T112330Z-6776_arch_50m_dataset_42m_tokenizer_16k_vocab_16384_lr_1.25e-3_batch_16_dropout_0.0_weight_decay_0.0,42m,6.976391792,6.994596481,modal_pretrain_base.py,/outputs/models/sweep_20260828T112330Z-6776_arch_50m_dataset_42m_tokenizer_16k_vocab_16384_lr_1.25e-3_batch_16_dropout_0.0_weight_decay_0.0.pt,VOCAB_SIZE=16384;N_BLOCKS=16;EMBED_DIM=512;ATTN_HEADS=8;FFN_DIM=1344;SEQ_LEN=1024;ROPE_BASE=10000.0;LR=0.00125;MIN_LR=0.0;ADAM_BETA1=0.9;ADAM_BETA2=0.95;ADAM_EPS=1e-08;WARMUP_STEPS=10;BATCH_SIZE=16;GRAD_ACCUM_STEPS=1;EPOCHS=1;MAX_STEPS=0;DROPOUT=0.0;WEIGHT_DECAY=0.0;MAX_GRAD_NORM=1.0;SEED=42;DATASET_PREFIX=16k;DATASET_VARIANT=42m;VALIDATION_INTERVAL=200;VALIDATION_STEPS=20;COMPILE_MODEL=True;COMPILE_MODE=default
sweep_20260828T112330Z-6776_arch_50m_dataset_42m_tokenizer_16k_vocab_16384_lr_1e-3_batch_8_dropout_0.0_weight_decay_0.0,42m,6.437705994,6.486114383,modal_pretrain_base.py,/outputs/models/sweep_20260828T112330Z-6776_arch_50m_dataset_42m_tokenizer_16k_vocab_16384_lr_1e-3_batch_8_dropout_0.0_weight_decay_0.0.pt,VOCAB_SIZE=16384;N_BLOCKS=16;EMBED_DIM=512;ATTN_HEADS=8;FFN_DIM=1344;SEQ_LEN=1024;ROPE_BASE=10000.0;LR=0.001;MIN_LR=0.0;ADAM_BETA1=0.9;ADAM_BETA2=0.95;ADAM_EPS=1e-08;WARMUP_STEPS=10;BATCH_SIZE=8;GRAD_ACCUM_STEPS=1;EPOCHS=1;MAX_STEPS=0;DROPOUT=0.0;WEIGHT_DECAY=0.0;MAX_GRAD_NORM=1.0;SEED=42;DATASET_PREFIX=16k;DATASET_VARIANT=42m;VALIDATION_INTERVAL=200;VALIDATION_STEPS=20;COMPILE_MODEL=True;COMPILE_MODE=default
sweep_20260828T112330Z-6776_arch_50m_dataset_42m_tokenizer_16k_vocab_16384_lr_1e-3_batch_16_dropout_0.0_weight_decay_0.0,42m,6.987031937,7.029008651,modal_pretrain_base.py,/outputs/models/sweep_20260828T112330Z-6776_arch_50m_dataset_42m_tokenizer_16k_vocab_16384_lr_1e-3_batch_16_dropout_0.0_weight_decay_0.0.pt,VOCAB_SIZE=16384;N_BLOCKS=16;EMBED_DIM=512;ATTN_HEADS=8;FFN_DIM=1344;SEQ_LEN=1024;ROPE_BASE=10000.0;LR=0.001;MIN_LR=0.0;ADAM_BETA1=0.9;ADAM_BETA2=0.95;ADAM_EPS=1e-08;WARMUP_STEPS=10;BATCH_SIZE=16;GRAD_ACCUM_STEPS=1;EPOCHS=1;MAX_STEPS=0;DROPOUT=0.0;WEIGHT_DECAY=0.0;MAX_GRAD_NORM=1.0;SEED=42;DATASET_PREFIX=16k;DATASET_VARIANT=42m;VALIDATION_INTERVAL=200;VALIDATION_STEPS=20;COMPILE_MODEL=True;COMPILE_MODE=default
sweep_20260828T112330Z-6776_arch_50m_dataset_42m_tokenizer_16k_vocab_16384_lr_0.75e-3_batch_8_dropout_0.0_weight_decay_0.0,42m,6.48429203,6.520567417,modal_pretrain_base.py,/outputs/models/sweep_20260828T112330Z-6776_arch_50m_dataset_42m_tokenizer_16k_vocab_16384_lr_0.75e-3_batch_8_dropout_0.0_weight_decay_0.0.pt,VOCAB_SIZE=16384;N_BLOCKS=16;EMBED_DIM=512;ATTN_HEADS=8;FFN_DIM=1344;SEQ_LEN=1024;ROPE_BASE=10000.0;LR=0.00075;MIN_LR=0.0;ADAM_BETA1=0.9;ADAM_BETA2=0.95;ADAM_EPS=1e-08;WARMUP_STEPS=10;BATCH_SIZE=8;GRAD_ACCUM_STEPS=1;EPOCHS=1;MAX_STEPS=0;DROPOUT=0.0;WEIGHT_DECAY=0.0;MAX_GRAD_NORM=1.0;SEED=42;DATASET_PREFIX=16k;DATASET_VARIANT=42m;VALIDATION_INTERVAL=200;VALIDATION_STEPS=20;COMPILE_MODEL=True;COMPILE_MODE=default
sweep_20260828T112330Z-6776_arch_50m_dataset_42m_tokenizer_16k_vocab_16384_lr_0.75e-3_batch_16_dropout_0.0_weight_decay_0.0,42m,7.208084106,7.257378173,modal_pretrain_base.py,/outputs/models/sweep_20260828T112330Z-6776_arch_50m_dataset_42m_tokenizer_16k_vocab_16384_lr_0.75e-3_batch_16_dropout_0.0_weight_decay_0.0.pt,VOCAB_SIZE=16384;N_BLOCKS=16;EMBED_DIM=512;ATTN_HEADS=8;FFN_DIM=1344;SEQ_LEN=1024;ROPE_BASE=10000.0;LR=0.00075;MIN_LR=0.0;ADAM_BETA1=0.9;ADAM_BETA2=0.95;ADAM_EPS=1e-08;WARMUP_STEPS=10;BATCH_SIZE=16;GRAD_ACCUM_STEPS=1;EPOCHS=1;MAX_STEPS=0;DROPOUT=0.0;WEIGHT_DECAY=0.0;MAX_GRAD_NORM=1.0;SEED=42;DATASET_PREFIX=16k;DATASET_VARIANT=42m;VALIDATION_INTERVAL=200;VALIDATION_STEPS=20;COMPILE_MODEL=True;COMPILE_MODE=default
sweep_20260828T112330Z-6776_arch_50m_dataset_42m_tokenizer_16k_vocab_16384_lr_0.5e-3_batch_8_dropout_0.0_weight_decay_0.0,42m,7.04572773,7.088012147,modal_pretrain_base.py,/outputs/models/sweep_20260828T112330Z-6776_arch_50m_dataset_42m_tokenizer_16k_vocab_16384_lr_0.5e-3_batch_8_dropout_0.0_weight_decay_0.0.pt,VOCAB_SIZE=16384;N_BLOCKS=16;EMBED_DIM=512;ATTN_HEADS=8;FFN_DIM=1344;SEQ_LEN=1024;ROPE_BASE=10000.0;LR=0.0005;MIN_LR=0.0;ADAM_BETA1=0.9;ADAM_BETA2=0.95;ADAM_EPS=1e-08;WARMUP_STEPS=10;BATCH_SIZE=8;GRAD_ACCUM_STEPS=1;EPOCHS=1;MAX_STEPS=0;DROPOUT=0.0;WEIGHT_DECAY=0.0;MAX_GRAD_NORM=1.0;SEED=42;DATASET_PREFIX=16k;DATASET_VARIANT=42m;VALIDATION_INTERVAL=200;VALIDATION_STEPS=20;COMPILE_MODEL=True;COMPILE_MODE=default
sweep_20260828T112330Z-6776_arch_50m_dataset_42m_tokenizer_16k_vocab_16384_lr_0.5e-3_batch_16_dropout_0.0_weight_decay_0.0,42m,30.85613632,30.85814161,modal_pretrain_base.py,/outputs/models/sweep_20260828T112330Z-6776_arch_50m_dataset_42m_tokenizer_16k_vocab_16384_lr_0.5e-3_batch_16_dropout_0.0_weight_decay_0.0.pt,VOCAB_SIZE=16384;N_BLOCKS=16;EMBED_DIM=512;ATTN_HEADS=8;FFN_DIM=1344;SEQ_LEN=1024;ROPE_BASE=10000.0;LR=0.0005;MIN_LR=0.0;ADAM_BETA1=0.9;ADAM_BETA2=0.95;ADAM_EPS=1e-08;WARMUP_STEPS=10;BATCH_SIZE=16;GRAD_ACCUM_STEPS=1;EPOCHS=1;MAX_STEPS=0;DROPOUT=0.0;WEIGHT_DECAY=0.0;MAX_GRAD_NORM=1.0;SEED=42;DATASET_PREFIX=16k;DATASET_VARIANT=42m;VALIDATION_INTERVAL=200;VALIDATION_STEPS=20;COMPILE_MODEL=True;COMPILE_MODE=default
sweep_20260828T112330Z-6776_arch_50m_dataset_42m_tokenizer_16k_vocab_16384_lr_0.25e-3_batch_8_dropout_0.0_weight_decay_0.0,42m,7.897823811,7.906663799,modal_pretrain_base.py,/outputs/models/sweep_20260828T112330Z-6776_arch_50m_dataset_42m_tokenizer_16k_vocab_16384_lr_0.25e-3_batch_8_dropout_0.0_weight_decay_0.0.pt,VOCAB_SIZE=16384;N_BLOCKS=16;EMBED_DIM=512;ATTN_HEADS=8;FFN_DIM=1344;SEQ_LEN=1024;ROPE_BASE=10000.0;LR=0.00025;MIN_LR=0.0;ADAM_BETA1=0.9;ADAM_BETA2=0.95;ADAM_EPS=1e-08;WARMUP_STEPS=10;BATCH_SIZE=8;GRAD_ACCUM_STEPS=1;EPOCHS=1;MAX_STEPS=0;DROPOUT=0.0;WEIGHT_DECAY=0.0;MAX_GRAD_NORM=1.0;SEED=42;DATASET_PREFIX=16k;DATASET_VARIANT=42m;VALIDATION_INTERVAL=200;VALIDATION_STEPS=20;COMPILE_MODEL=True;COMPILE_MODE=default
sweep_20260828T112330Z-6776_arch_50m_dataset_42m_tokenizer_16k_vocab_16384_lr_0.25e-3_batch_16_dropout_0.0_weight_decay_0.0,42m,11.23642921,11.39667115,modal_pretrain_base.py,/outputs/models/sweep_20260828T112330Z-6776_arch_50m_dataset_42m_tokenizer_16k_vocab_16384_lr_0.25e-3_batch_16_dropout_0.0_weight_decay_0.0.pt,VOCAB_SIZE=16384;N_BLOCKS=16;EMBED_DIM=512;ATTN_HEADS=8;FFN_DIM=1344;SEQ_LEN=1024;ROPE_BASE=10000.0;LR=0.00025;MIN_LR=0.0;ADAM_BETA1=0.9;ADAM_BETA2=0.95;ADAM_EPS=1e-08;WARMUP_STEPS=10;BATCH_SIZE=16;GRAD_ACCUM_STEPS=1;EPOCHS=1;MAX_STEPS=0;DROPOUT=0.0;WEIGHT_DECAY=0.0;MAX_GRAD_NORM=1.0;SEED=42;DATASET_PREFIX=16k;DATASET_VARIANT=42m;VALIDATION_INTERVAL=200;VALIDATION_STEPS=20;COMPILE_MODEL=True;COMPILE_MODE=default
20m_tok4k_90m,90m,3.118189812,3.155674493,modal_pretrain_base.py,/outputs/models/20m_tok4k_90m.pt,VOCAB_SIZE=4096;N_BLOCKS=8;EMBED_DIM=384;ATTN_HEADS=6;FFN_DIM=1024;SEQ_LEN=1024;ROPE_BASE=10000.0;LR=0.001;MIN_LR=0.0;ADAM_BETA1=0.9;ADAM_BETA2=0.95;ADAM_EPS=1e-08;WARMUP_STEPS=10;BATCH_SIZE=8;GRAD_ACCUM_STEPS=1;EPOCHS=1;MAX_STEPS=0;DROPOUT=0.0;WEIGHT_DECAY=0.0;MAX_GRAD_NORM=1.0;SEED=42;DATASET_PREFIX=4k;DATASET_VARIANT=90m;VALIDATION_INTERVAL=200;VALIDATION_STEPS=20;COMPILE_MODEL=True;COMPILE_MODE=default
35m_tok4k_90m,90m,3.06659174,3.098096442,modal_pretrain_base.py,/outputs/models/35m_tok4k_90m.pt,VOCAB_SIZE=4096;N_BLOCKS=11;EMBED_DIM=448;ATTN_HEADS=7;FFN_DIM=1216;SEQ_LEN=1024;ROPE_BASE=10000.0;LR=0.00075;MIN_LR=0.0;ADAM_BETA1=0.9;ADAM_BETA2=0.95;ADAM_EPS=1e-08;WARMUP_STEPS=10;BATCH_SIZE=8;GRAD_ACCUM_STEPS=1;EPOCHS=1;MAX_STEPS=0;DROPOUT=0.0;WEIGHT_DECAY=0.0;MAX_GRAD_NORM=1.0;SEED=42;DATASET_PREFIX=4k;DATASET_VARIANT=90m;VALIDATION_INTERVAL=200;VALIDATION_STEPS=20;COMPILE_MODEL=True;COMPILE_MODE=default
50m_tok4k_90m,90m,2.922885895,2.941233814,modal_pretrain_base.py,/outputs/models/50m_tok4k_90m.pt,VOCAB_SIZE=4096;N_BLOCKS=16;EMBED_DIM=512;ATTN_HEADS=8;FFN_DIM=1344;SEQ_LEN=1024;ROPE_BASE=10000.0;LR=0.00075;MIN_LR=0.0;ADAM_BETA1=0.9;ADAM_BETA2=0.95;ADAM_EPS=1e-08;WARMUP_STEPS=10;BATCH_SIZE=8;GRAD_ACCUM_STEPS=1;EPOCHS=1;MAX_STEPS=0;DROPOUT=0.0;WEIGHT_DECAY=0.0;MAX_GRAD_NORM=1.0;SEED=42;DATASET_PREFIX=4k;DATASET_VARIANT=90m;VALIDATION_INTERVAL=200;VALIDATION_STEPS=20;COMPILE_MODEL=True;COMPILE_MODE=default
20m_tok8k_90m,90m,4.817504883,4.829026866,modal_pretrain_base.py,/outputs/models/20m_tok8k_90m.pt,VOCAB_SIZE=8192;N_BLOCKS=8;EMBED_DIM=384;ATTN_HEADS=6;FFN_DIM=1024;SEQ_LEN=1024;ROPE_BASE=10000.0;LR=0.00125;MIN_LR=0.0;ADAM_BETA1=0.9;ADAM_BETA2=0.95;ADAM_EPS=1e-08;WARMUP_STEPS=10;BATCH_SIZE=8;GRAD_ACCUM_STEPS=1;EPOCHS=1;MAX_STEPS=0;DROPOUT=0.0;WEIGHT_DECAY=0.0;MAX_GRAD_NORM=1.0;SEED=42;DATASET_PREFIX=8k;DATASET_VARIANT=90m;VALIDATION_INTERVAL=200;VALIDATION_STEPS=20;COMPILE_MODEL=True;COMPILE_MODE=default
35m_tok8k_90m,90m,4.762839794,4.780884457,modal_pretrain_base.py,/outputs/models/35m_tok8k_90m.pt,VOCAB_SIZE=8192;N_BLOCKS=11;EMBED_DIM=448;ATTN_HEADS=7;FFN_DIM=1216;SEQ_LEN=1024;ROPE_BASE=10000.0;LR=0.00125;MIN_LR=0.0;ADAM_BETA1=0.9;ADAM_BETA2=0.95;ADAM_EPS=1e-08;WARMUP_STEPS=10;BATCH_SIZE=8;GRAD_ACCUM_STEPS=1;EPOCHS=1;MAX_STEPS=0;DROPOUT=0.0;WEIGHT_DECAY=0.0;MAX_GRAD_NORM=1.0;SEED=42;DATASET_PREFIX=8k;DATASET_VARIANT=90m;VALIDATION_INTERVAL=200;VALIDATION_STEPS=20;COMPILE_MODEL=True;COMPILE_MODE=default
20m_tok16k_90m,90m,6.043421745,5.992627573,modal_pretrain_base.py,/outputs/models/20m_tok16k_90m.pt,VOCAB_SIZE=16384;N_BLOCKS=8;EMBED_DIM=384;ATTN_HEADS=6;FFN_DIM=1024;SEQ_LEN=1024;ROPE_BASE=10000.0;LR=0.001;MIN_LR=0.0;ADAM_BETA1=0.9;ADAM_BETA2=0.95;ADAM_EPS=1e-08;WARMUP_STEPS=10;BATCH_SIZE=8;GRAD_ACCUM_STEPS=1;EPOCHS=1;MAX_STEPS=0;DROPOUT=0.0;WEIGHT_DECAY=0.0;MAX_GRAD_NORM=1.0;SEED=42;DATASET_PREFIX=16k;DATASET_VARIANT=90m;VALIDATION_INTERVAL=200;VALIDATION_STEPS=20;COMPILE_MODEL=True;COMPILE_MODE=default
35m_tok16k_90m,90m,6.025092125,5.97174325,modal_pretrain_base.py,/outputs/models/35m_tok16k_90m.pt,VOCAB_SIZE=16384;N_BLOCKS=11;EMBED_DIM=448;ATTN_HEADS=7;FFN_DIM=1216;SEQ_LEN=1024;ROPE_BASE=10000.0;LR=0.00075;MIN_LR=0.0;ADAM_BETA1=0.9;ADAM_BETA2=0.95;ADAM_EPS=1e-08;WARMUP_STEPS=10;BATCH_SIZE=8;GRAD_ACCUM_STEPS=1;EPOCHS=1;MAX_STEPS=0;DROPOUT=0.0;WEIGHT_DECAY=0.0;MAX_GRAD_NORM=1.0;SEED=42;DATASET_PREFIX=16k;DATASET_VARIANT=90m;VALIDATION_INTERVAL=200;VALIDATION_STEPS=20;COMPILE_MODEL=True;COMPILE_MODE=default
50m_tok16k_90m,90m,6.265687943,6.207582474,modal_pretrain_base.py,/outputs/models/50m_tok16k_90m.pt,VOCAB_SIZE=16384;N_BLOCKS=16;EMBED_DIM=512;ATTN_HEADS=8;FFN_DIM=1344;SEQ_LEN=1024;ROPE_BASE=10000.0;LR=0.001;MIN_LR=0.0;ADAM_BETA1=0.9;ADAM_BETA2=0.95;ADAM_EPS=1e-08;WARMUP_STEPS=10;BATCH_SIZE=8;GRAD_ACCUM_STEPS=1;EPOCHS=1;MAX_STEPS=0;DROPOUT=0.0;WEIGHT_DECAY=0.0;MAX_GRAD_NORM=1.0;SEED=42;DATASET_PREFIX=16k;DATASET_VARIANT=90m;VALIDATION_INTERVAL=200;VALIDATION_STEPS=20;COMPILE_MODEL=True;COMPILE_MODE=default
20m_tok4k_195m,195m,2.743067265,2.900887549,modal_pretrain_base.py,/outputs/models/20m_tok4k_195m.pt,VOCAB_SIZE=4096;N_BLOCKS=8;EMBED_DIM=384;ATTN_HEADS=6;FFN_DIM=1024;SEQ_LEN=1024;ROPE_BASE=10000.0;LR=0.001;MIN_LR=0.0;ADAM_BETA1=0.9;ADAM_BETA2=0.95;ADAM_EPS=1e-08;WARMUP_STEPS=10;BATCH_SIZE=8;GRAD_ACCUM_STEPS=1;EPOCHS=1;MAX_STEPS=0;DROPOUT=0.0;WEIGHT_DECAY=0.0;MAX_GRAD_NORM=1.0;SEED=42;DATASET_PREFIX=4k;DATASET_VARIANT=195m;VALIDATION_INTERVAL=500;VALIDATION_STEPS=20;COMPILE_MODEL=True;COMPILE_MODE=default
35m_tok4k_195m,195m,2.57114768,2.744789004,modal_pretrain_base.py,/outputs/models/35m_tok4k_195m.pt,VOCAB_SIZE=4096;N_BLOCKS=11;EMBED_DIM=448;ATTN_HEADS=7;FFN_DIM=1216;SEQ_LEN=1024;ROPE_BASE=10000.0;LR=0.00075;MIN_LR=0.0;ADAM_BETA1=0.9;ADAM_BETA2=0.95;ADAM_EPS=1e-08;WARMUP_STEPS=10;BATCH_SIZE=8;GRAD_ACCUM_STEPS=1;EPOCHS=1;MAX_STEPS=0;DROPOUT=0.0;WEIGHT_DECAY=0.0;MAX_GRAD_NORM=1.0;SEED=42;DATASET_PREFIX=4k;DATASET_VARIANT=195m;VALIDATION_INTERVAL=500;VALIDATION_STEPS=20;COMPILE_MODEL=True;COMPILE_MODE=default
50m_tok4k_195m,195m,2.470938206,2.671275592,modal_pretrain_base.py,/outputs/models/50m_tok4k_195m.pt,VOCAB_SIZE=4096;N_BLOCKS=16;EMBED_DIM=512;ATTN_HEADS=8;FFN_DIM=1344;SEQ_LEN=1024;ROPE_BASE=10000.0;LR=0.00075;MIN_LR=0.0;ADAM_BETA1=0.9;ADAM_BETA2=0.95;ADAM_EPS=1e-08;WARMUP_STEPS=10;BATCH_SIZE=8;GRAD_ACCUM_STEPS=1;EPOCHS=1;MAX_STEPS=0;DROPOUT=0.0;WEIGHT_DECAY=0.0;MAX_GRAD_NORM=1.0;SEED=42;DATASET_PREFIX=4k;DATASET_VARIANT=195m;VALIDATION_INTERVAL=500;VALIDATION_STEPS=20;COMPILE_MODEL=True;COMPILE_MODE=default
20m_tok8k_195m,195m,4.39470005,4.450659156,modal_pretrain_base.py,/outputs/models/20m_tok8k_195m.pt,VOCAB_SIZE=8192;N_BLOCKS=8;EMBED_DIM=384;ATTN_HEADS=6;FFN_DIM=1024;SEQ_LEN=1024;ROPE_BASE=10000.0;LR=0.00125;MIN_LR=0.0;ADAM_BETA1=0.9;ADAM_BETA2=0.95;ADAM_EPS=1e-08;WARMUP_STEPS=10;BATCH_SIZE=8;GRAD_ACCUM_STEPS=1;EPOCHS=1;MAX_STEPS=0;DROPOUT=0.0;WEIGHT_DECAY=0.0;MAX_GRAD_NORM=1.0;SEED=42;DATASET_PREFIX=8k;DATASET_VARIANT=195m;VALIDATION_INTERVAL=500;VALIDATION_STEPS=20;COMPILE_MODEL=True;COMPILE_MODE=default
35m_tok8k_195m,195m,4.275058746,4.343925476,modal_pretrain_base.py,/outputs/models/35m_tok8k_195m.pt,VOCAB_SIZE=8192;N_BLOCKS=11;EMBED_DIM=448;ATTN_HEADS=7;FFN_DIM=1216;SEQ_LEN=1024;ROPE_BASE=10000.0;LR=0.00125;MIN_LR=0.0;ADAM_BETA1=0.9;ADAM_BETA2=0.95;ADAM_EPS=1e-08;WARMUP_STEPS=10;BATCH_SIZE=8;GRAD_ACCUM_STEPS=1;EPOCHS=1;MAX_STEPS=0;DROPOUT=0.0;WEIGHT_DECAY=0.0;MAX_GRAD_NORM=1.0;SEED=42;DATASET_PREFIX=8k;DATASET_VARIANT=195m;VALIDATION_INTERVAL=500;VALIDATION_STEPS=20;COMPILE_MODEL=True;COMPILE_MODE=default
50m_tok8k_195m,195m,4.274603367,4.323853064,modal_pretrain_base.py,/outputs/models/50m_tok8k_195m.pt,VOCAB_SIZE=8192;N_BLOCKS=16;EMBED_DIM=512;ATTN_HEADS=8;FFN_DIM=1344;SEQ_LEN=1024;ROPE_BASE=10000.0;LR=0.001;MIN_LR=0.0;ADAM_BETA1=0.9;ADAM_BETA2=0.95;ADAM_EPS=1e-08;WARMUP_STEPS=10;BATCH_SIZE=8;GRAD_ACCUM_STEPS=1;EPOCHS=1;MAX_STEPS=0;DROPOUT=0.0;WEIGHT_DECAY=0.0;MAX_GRAD_NORM=1.0;SEED=42;DATASET_PREFIX=8k;DATASET_VARIANT=195m;VALIDATION_INTERVAL=500;VALIDATION_STEPS=20;COMPILE_MODEL=True;COMPILE_MODE=default
20m_tok16k_195m,195m,5.551484585,5.412094235,modal_pretrain_base.py,/outputs/models/20m_tok16k_195m.pt,VOCAB_SIZE=16384;N_BLOCKS=8;EMBED_DIM=384;ATTN_HEADS=6;FFN_DIM=1024;SEQ_LEN=1024;ROPE_BASE=10000.0;LR=0.001;MIN_LR=0.0;ADAM_BETA1=0.9;ADAM_BETA2=0.95;ADAM_EPS=1e-08;WARMUP_STEPS=10;BATCH_SIZE=8;GRAD_ACCUM_STEPS=1;EPOCHS=1;MAX_STEPS=0;DROPOUT=0.0;WEIGHT_DECAY=0.0;MAX_GRAD_NORM=1.0;SEED=42;DATASET_PREFIX=16k;DATASET_VARIANT=195m;VALIDATION_INTERVAL=500;VALIDATION_STEPS=20;COMPILE_MODEL=True;COMPILE_MODE=default
35m_tok16k_195m,195m,5.436609268,5.28517096,modal_pretrain_base.py,/outputs/models/35m_tok16k_195m.pt,VOCAB_SIZE=16384;N_BLOCKS=11;EMBED_DIM=448;ATTN_HEADS=7;FFN_DIM=1216;SEQ_LEN=1024;ROPE_BASE=10000.0;LR=0.00075;MIN_LR=0.0;ADAM_BETA1=0.9;ADAM_BETA2=0.95;ADAM_EPS=1e-08;WARMUP_STEPS=10;BATCH_SIZE=8;GRAD_ACCUM_STEPS=1;EPOCHS=1;MAX_STEPS=0;DROPOUT=0.0;WEIGHT_DECAY=0.0;MAX_GRAD_NORM=1.0;SEED=42;DATASET_PREFIX=16k;DATASET_VARIANT=195m;VALIDATION_INTERVAL=500;VALIDATION_STEPS=20;COMPILE_MODEL=True;COMPILE_MODE=default
50m_tok16k_195m,195m,5.345386505,5.216222382,modal_pretrain_base.py,/outputs/models/50m_tok16k_195m.pt,VOCAB_SIZE=16384;N_BLOCKS=16;EMBED_DIM=512;ATTN_HEADS=8;FFN_DIM=1344;SEQ_LEN=1024;ROPE_BASE=10000.0;LR=0.001;MIN_LR=0.0;ADAM_BETA1=0.9;ADAM_BETA2=0.95;ADAM_EPS=1e-08;WARMUP_STEPS=10;BATCH_SIZE=8;GRAD_ACCUM_STEPS=1;EPOCHS=1;MAX_STEPS=0;DROPOUT=0.0;WEIGHT_DECAY=0.0;MAX_GRAD_NORM=1.0;SEED=42;DATASET_PREFIX=16k;DATASET_VARIANT=195m;VALIDATION_INTERVAL=500;VALIDATION_STEPS=20;COMPILE_MODEL=True;COMPILE_MODE=default
10m_tok4k_90m_olmo_lr125,90m,3.150367498,3.165519822,pretrain_base.py,/home/samuele/Desktop/pavullmo/models/10m_tok4k_90m_olmo_lr125.pt,VOCAB_SIZE=4096;N_BLOCKS=8;EMBED_DIM=256;ATTN_HEADS=4;FFN_DIM=704;SEQ_LEN=1024;ROPE_BASE=10000.0;INITIALIZATION=olmo;INITIALIZATION_STD=0.02;LR=0.00125;MIN_LR=0.0;ADAM_BETA1=0.9;ADAM_BETA2=0.95;ADAM_EPS=1e-08;WARMUP_STEPS=10;BATCH_SIZE=8;GRAD_ACCUM_STEPS=1;EPOCHS=1;MAX_STEPS=0;DROPOUT=0.0;WEIGHT_DECAY=0.0;MAX_GRAD_NORM=1.0;SEED=42;DATASET_PREFIX=4k;DATASET_VARIANT=90m;VALIDATION_INTERVAL=200;VALIDATION_STEPS=20;DIAGNOSTICS_INTERVAL=100;COMPILE_MODEL=True;COMPILE_MODE=default
10m_tok4k_90m_olmo_lr1,90m,3.179332495,3.210142624,pretrain_base.py,/home/samuele/Desktop/pavullmo/models/10m_tok4k_90m_olmo_lr1.pt,VOCAB_SIZE=4096;N_BLOCKS=8;EMBED_DIM=256;ATTN_HEADS=4;FFN_DIM=704;SEQ_LEN=1024;ROPE_BASE=10000.0;INITIALIZATION=olmo;INITIALIZATION_STD=0.02;LR=0.001;MIN_LR=0.0;ADAM_BETA1=0.9;ADAM_BETA2=0.95;ADAM_EPS=1e-08;WARMUP_STEPS=10;BATCH_SIZE=8;GRAD_ACCUM_STEPS=1;EPOCHS=1;MAX_STEPS=0;DROPOUT=0.0;WEIGHT_DECAY=0.0;MAX_GRAD_NORM=1.0;SEED=42;DATASET_PREFIX=4k;DATASET_VARIANT=90m;VALIDATION_INTERVAL=200;VALIDATION_STEPS=20;DIAGNOSTICS_INTERVAL=100;COMPILE_MODEL=True;COMPILE_MODE=default
10m_tok4k_90m_olmo_lr075,90m,3.012396336,3.040351987,pretrain_base.py,/home/samuele/Desktop/pavullmo/models/10m_tok4k_90m_olmo_lr075.pt,VOCAB_SIZE=4096;N_BLOCKS=8;EMBED_DIM=256;ATTN_HEADS=4;FFN_DIM=704;SEQ_LEN=1024;ROPE_BASE=10000.0;INITIALIZATION=olmo;INITIALIZATION_STD=0.02;LR=0.00075;MIN_LR=0.0;ADAM_BETA1=0.9;ADAM_BETA2=0.95;ADAM_EPS=1e-08;WARMUP_STEPS=10;BATCH_SIZE=8;GRAD_ACCUM_STEPS=1;EPOCHS=1;MAX_STEPS=0;DROPOUT=0.0;WEIGHT_DECAY=0.0;MAX_GRAD_NORM=1.0;SEED=42;DATASET_PREFIX=4k;DATASET_VARIANT=90m;VALIDATION_INTERVAL=200;VALIDATION_STEPS=20;DIAGNOSTICS_INTERVAL=100;COMPILE_MODEL=True;COMPILE_MODE=default
10m_tok4k_90m_gptscaled_lr125,90m,2.880982161,2.906659317,pretrain_base.py,/home/samuele/Desktop/pavullmo/models/10m_tok4k_90m_gptscaled_lr125.pt,VOCAB_SIZE=4096;N_BLOCKS=8;EMBED_DIM=256;ATTN_HEADS=4;FFN_DIM=704;SEQ_LEN=1024;ROPE_BASE=10000.0;INITIALIZATION=gpt_scaled;INITIALIZATION_STD=0.02;LR=0.00125;MIN_LR=0.0;ADAM_BETA1=0.9;ADAM_BETA2=0.95;ADAM_EPS=1e-08;WARMUP_STEPS=10;BATCH_SIZE=8;GRAD_ACCUM_STEPS=1;EPOCHS=1;MAX_STEPS=0;DROPOUT=0.0;WEIGHT_DECAY=0.0;MAX_GRAD_NORM=1.0;SEED=42;DATASET_PREFIX=4k;DATASET_VARIANT=90m;VALIDATION_INTERVAL=200;VALIDATION_STEPS=20;DIAGNOSTICS_INTERVAL=100;COMPILE_MODEL=True;COMPILE_MODE=default
10m_tok4k_90m_gptscaled_lr1,90m,2.895292282,2.91528604,pretrain_base.py,/home/samuele/Desktop/pavullmo/models/10m_tok4k_90m_gptscaled_lr1.pt,VOCAB_SIZE=4096;N_BLOCKS=8;EMBED_DIM=256;ATTN_HEADS=4;FFN_DIM=704;SEQ_LEN=1024;ROPE_BASE=10000.0;INITIALIZATION=gpt_scaled;INITIALIZATION_STD=0.02;LR=0.001;MIN_LR=0.0;ADAM_BETA1=0.9;ADAM_BETA2=0.95;ADAM_EPS=1e-08;WARMUP_STEPS=10;BATCH_SIZE=8;GRAD_ACCUM_STEPS=1;EPOCHS=1;MAX_STEPS=0;DROPOUT=0.0;WEIGHT_DECAY=0.0;MAX_GRAD_NORM=1.0;SEED=42;DATASET_PREFIX=4k;DATASET_VARIANT=90m;VALIDATION_INTERVAL=200;VALIDATION_STEPS=20;DIAGNOSTICS_INTERVAL=100;COMPILE_MODEL=True;COMPILE_MODE=default
10m_tok4k_90m_gptscaled_lr075,90m,2.916041851,2.959118056,pretrain_base.py,/home/samuele/Desktop/pavullmo/models/10m_tok4k_90m_gptscaled_lr075.pt,VOCAB_SIZE=4096;N_BLOCKS=8;EMBED_DIM=256;ATTN_HEADS=4;FFN_DIM=704;SEQ_LEN=1024;ROPE_BASE=10000.0;INITIALIZATION=gpt_scaled;INITIALIZATION_STD=0.02;LR=0.00075;MIN_LR=0.0;ADAM_BETA1=0.9;ADAM_BETA2=0.95;ADAM_EPS=1e-08;WARMUP_STEPS=10;BATCH_SIZE=8;GRAD_ACCUM_STEPS=1;EPOCHS=1;MAX_STEPS=0;DROPOUT=0.0;WEIGHT_DECAY=0.0;MAX_GRAD_NORM=1.0;SEED=42;DATASET_PREFIX=4k;DATASET_VARIANT=90m;VALIDATION_INTERVAL=200;VALIDATION_STEPS=20;DIAGNOSTICS_INTERVAL=100;COMPILE_MODEL=True;COMPILE_MODE=default
10m_tok4k_wrmswp_lr075_wrm2M,90m,2.952555656,2.949617374,pretrain_base.py,/home/samuele/Desktop/pavullmo/models/10m_tok4k_wrmswp_lr075_wrm2M.pt,VOCAB_SIZE=4096;N_BLOCKS=8;EMBED_DIM=256;ATTN_HEADS=4;FFN_DIM=704;SEQ_LEN=1024;ROPE_BASE=10000.0;INITIALIZATION=gpt_scaled;INITIALIZATION_STD=0.02;LR=0.00075;MIN_LR=0.00075;LR_SCHEDULER=cosine;WSD_DECAY_FRACTION=0.2;ADAM_BETA1=0.9;ADAM_BETA2=0.95;ADAM_EPS=1e-08;WARMUP_STEPS=244;BATCH_SIZE=8;GRAD_ACCUM_STEPS=1;EPOCHS=1;MAX_STEPS=0;DROPOUT=0.0;WEIGHT_DECAY=0.0;MAX_GRAD_NORM=1.0;SEED=42;DATASET_PREFIX=4k;DATASET_VARIANT=90m;VALIDATION_INTERVAL=200;VALIDATION_STEPS=20;DIAGNOSTICS_INTERVAL=100;COMPILE_MODEL=True;COMPILE_MODE=default
10m_tok4k_wrmswp_lr1_wrm2M,90m,2.997029066,3.034721732,pretrain_base.py,/home/samuele/Desktop/pavullmo/models/10m_tok4k_wrmswp_lr1_wrm2M.pt,VOCAB_SIZE=4096;N_BLOCKS=8;EMBED_DIM=256;ATTN_HEADS=4;FFN_DIM=704;SEQ_LEN=1024;ROPE_BASE=10000.0;INITIALIZATION=gpt_scaled;INITIALIZATION_STD=0.02;LR=0.001;MIN_LR=0.001;LR_SCHEDULER=cosine;WSD_DECAY_FRACTION=0.2;ADAM_BETA1=0.9;ADAM_BETA2=0.95;ADAM_EPS=1e-08;WARMUP_STEPS=244;BATCH_SIZE=8;GRAD_ACCUM_STEPS=1;EPOCHS=1;MAX_STEPS=0;DROPOUT=0.0;WEIGHT_DECAY=0.0;MAX_GRAD_NORM=1.0;SEED=42;DATASET_PREFIX=4k;DATASET_VARIANT=90m;VALIDATION_INTERVAL=200;VALIDATION_STEPS=20;DIAGNOSTICS_INTERVAL=100;COMPILE_MODEL=True;COMPILE_MODE=default
10m_tok4k_wrmswp_lr125_wrm2M,90m,2.937749147,2.955916047,pretrain_base.py,/home/samuele/Desktop/pavullmo/models/10m_tok4k_wrmswp_lr125_wrm2M.pt,VOCAB_SIZE=4096;N_BLOCKS=8;EMBED_DIM=256;ATTN_HEADS=4;FFN_DIM=704;SEQ_LEN=1024;ROPE_BASE=10000.0;INITIALIZATION=gpt_scaled;INITIALIZATION_STD=0.02;LR=0.00125;MIN_LR=0.00125;LR_SCHEDULER=cosine;WSD_DECAY_FRACTION=0.2;ADAM_BETA1=0.9;ADAM_BETA2=0.95;ADAM_EPS=1e-08;WARMUP_STEPS=244;BATCH_SIZE=8;GRAD_ACCUM_STEPS=1;EPOCHS=1;MAX_STEPS=0;DROPOUT=0.0;WEIGHT_DECAY=0.0;MAX_GRAD_NORM=1.0;SEED=42;DATASET_PREFIX=4k;DATASET_VARIANT=90m;VALIDATION_INTERVAL=200;VALIDATION_STEPS=20;DIAGNOSTICS_INTERVAL=100;COMPILE_MODEL=True;COMPILE_MODE=default
10m_tok4k_wrmswp_lr150_wrm2M,90m,2.945349216,2.943023586,pretrain_base.py,/home/samuele/Desktop/pavullmo/models/10m_tok4k_wrmswp_lr150_wrm2M.pt,VOCAB_SIZE=4096;N_BLOCKS=8;EMBED_DIM=256;ATTN_HEADS=4;FFN_DIM=704;SEQ_LEN=1024;ROPE_BASE=10000.0;INITIALIZATION=gpt_scaled;INITIALIZATION_STD=0.02;LR=0.0015;MIN_LR=0.0015;LR_SCHEDULER=cosine;WSD_DECAY_FRACTION=0.2;ADAM_BETA1=0.9;ADAM_BETA2=0.95;ADAM_EPS=1e-08;WARMUP_STEPS=244;BATCH_SIZE=8;GRAD_ACCUM_STEPS=1;EPOCHS=1;MAX_STEPS=0;DROPOUT=0.0;WEIGHT_DECAY=0.0;MAX_GRAD_NORM=1.0;SEED=42;DATASET_PREFIX=4k;DATASET_VARIANT=90m;VALIDATION_INTERVAL=200;VALIDATION_STEPS=20;DIAGNOSTICS_INTERVAL=100;COMPILE_MODEL=True;COMPILE_MODE=default
10m_tok4k_wrmswp_lr075_wrm6M,90m,2.951015711,2.958328044,pretrain_base.py,/home/samuele/Desktop/pavullmo/models/10m_tok4k_wrmswp_lr075_wrm6M.pt,VOCAB_SIZE=4096;N_BLOCKS=8;EMBED_DIM=256;ATTN_HEADS=4;FFN_DIM=704;SEQ_LEN=1024;ROPE_BASE=10000.0;INITIALIZATION=gpt_scaled;INITIALIZATION_STD=0.02;LR=0.00075;MIN_LR=0.00075;LR_SCHEDULER=cosine;WSD_DECAY_FRACTION=0.2;ADAM_BETA1=0.9;ADAM_BETA2=0.95;ADAM_EPS=1e-08;WARMUP_STEPS=732;BATCH_SIZE=8;GRAD_ACCUM_STEPS=1;EPOCHS=1;MAX_STEPS=0;DROPOUT=0.0;WEIGHT_DECAY=0.0;MAX_GRAD_NORM=1.0;SEED=42;DATASET_PREFIX=4k;DATASET_VARIANT=90m;VALIDATION_INTERVAL=200;VALIDATION_STEPS=20;DIAGNOSTICS_INTERVAL=100;COMPILE_MODEL=True;COMPILE_MODE=default
10m_tok4k_wrmswp_lr1_wrm6M,90m,2.950191021,2.942765677,pretrain_base.py,/home/samuele/Desktop/pavullmo/models/10m_tok4k_wrmswp_lr1_wrm6M.pt,VOCAB_SIZE=4096;N_BLOCKS=8;EMBED_DIM=256;ATTN_HEADS=4;FFN_DIM=704;SEQ_LEN=1024;ROPE_BASE=10000.0;INITIALIZATION=gpt_scaled;INITIALIZATION_STD=0.02;LR=0.001;MIN_LR=0.001;LR_SCHEDULER=cosine;WSD_DECAY_FRACTION=0.2;ADAM_BETA1=0.9;ADAM_BETA2=0.95;ADAM_EPS=1e-08;WARMUP_STEPS=732;BATCH_SIZE=8;GRAD_ACCUM_STEPS=1;EPOCHS=1;MAX_STEPS=0;DROPOUT=0.0;WEIGHT_DECAY=0.0;MAX_GRAD_NORM=1.0;SEED=42;DATASET_PREFIX=4k;DATASET_VARIANT=90m;VALIDATION_INTERVAL=200;VALIDATION_STEPS=20;DIAGNOSTICS_INTERVAL=100;COMPILE_MODEL=True;COMPILE_MODE=default
10m_tok4k_wrmswp_lr125_wrm6M,90m,2.943101645,2.938891065,pretrain_base.py,/home/samuele/Desktop/pavullmo/models/10m_tok4k_wrmswp_lr125_wrm6M.pt,VOCAB_SIZE=4096;N_BLOCKS=8;EMBED_DIM=256;ATTN_HEADS=4;FFN_DIM=704;SEQ_LEN=1024;ROPE_BASE=10000.0;INITIALIZATION=gpt_scaled;INITIALIZATION_STD=0.02;LR=0.00125;MIN_LR=0.00125;LR_SCHEDULER=cosine;WSD_DECAY_FRACTION=0.2;ADAM_BETA1=0.9;ADAM_BETA2=0.95;ADAM_EPS=1e-08;WARMUP_STEPS=732;BATCH_SIZE=8;GRAD_ACCUM_STEPS=1;EPOCHS=1;MAX_STEPS=0;DROPOUT=0.0;WEIGHT_DECAY=0.0;MAX_GRAD_NORM=1.0;SEED=42;DATASET_PREFIX=4k;DATASET_VARIANT=90m;VALIDATION_INTERVAL=200;VALIDATION_STEPS=20;DIAGNOSTICS_INTERVAL=100;COMPILE_MODEL=True;COMPILE_MODE=default
10m_tok4k_wrmswp_lr150_wrm6M,90m,2.951375008,2.928863776,pretrain_base.py,/home/samuele/Desktop/pavullmo/models/10m_tok4k_wrmswp_lr150_wrm6M.pt,VOCAB_SIZE=4096;N_BLOCKS=8;EMBED_DIM=256;ATTN_HEADS=4;FFN_DIM=704;SEQ_LEN=1024;ROPE_BASE=10000.0;INITIALIZATION=gpt_scaled;INITIALIZATION_STD=0.02;LR=0.0015;MIN_LR=0.0015;LR_SCHEDULER=cosine;WSD_DECAY_FRACTION=0.2;ADAM_BETA1=0.9;ADAM_BETA2=0.95;ADAM_EPS=1e-08;WARMUP_STEPS=732;BATCH_SIZE=8;GRAD_ACCUM_STEPS=1;EPOCHS=1;MAX_STEPS=0;DROPOUT=0.0;WEIGHT_DECAY=0.0;MAX_GRAD_NORM=1.0;SEED=42;DATASET_PREFIX=4k;DATASET_VARIANT=90m;VALIDATION_INTERVAL=200;VALIDATION_STEPS=20;DIAGNOSTICS_INTERVAL=100;COMPILE_MODEL=True;COMPILE_MODE=default
10m_tok4k_schswp_lr075_wrm2M_cos,90m,2.95275569,2.977940166,pretrain_base.py,/home/samuele/Desktop/pavullmo/models/10m_tok4k_schswp_lr075_wrm2M_cos.pt,VOCAB_SIZE=4096;N_BLOCKS=8;EMBED_DIM=256;ATTN_HEADS=4;FFN_DIM=704;SEQ_LEN=1024;ROPE_BASE=10000.0;INITIALIZATION=gpt_scaled;INITIALIZATION_STD=0.02;LR=0.00075;MIN_LR=0.0;LR_SCHEDULER=cosine;WSD_DECAY_FRACTION=0.2;ADAM_BETA1=0.9;ADAM_BETA2=0.95;ADAM_EPS=1e-08;WARMUP_STEPS=244;BATCH_SIZE=8;GRAD_ACCUM_STEPS=1;EPOCHS=1;MAX_STEPS=0;DROPOUT=0.0;WEIGHT_DECAY=0.0;MAX_GRAD_NORM=1.0;SEED=42;DATASET_PREFIX=4k;DATASET_VARIANT=90m;VALIDATION_INTERVAL=200;VALIDATION_STEPS=20;DIAGNOSTICS_INTERVAL=100;COMPILE_MODEL=True;COMPILE_MODE=default
10m_tok4k_schswp_lr150_wrm2M_cos,90m,2.881375313,2.899792576,pretrain_base.py,/home/samuele/Desktop/pavullmo/models/10m_tok4k_schswp_lr150_wrm2M_cos.pt,VOCAB_SIZE=4096;N_BLOCKS=8;EMBED_DIM=256;ATTN_HEADS=4;FFN_DIM=704;SEQ_LEN=1024;ROPE_BASE=10000.0;INITIALIZATION=gpt_scaled;INITIALIZATION_STD=0.02;LR=0.0015;MIN_LR=0.0;LR_SCHEDULER=cosine;WSD_DECAY_FRACTION=0.2;ADAM_BETA1=0.9;ADAM_BETA2=0.95;ADAM_EPS=1e-08;WARMUP_STEPS=244;BATCH_SIZE=8;GRAD_ACCUM_STEPS=1;EPOCHS=1;MAX_STEPS=0;DROPOUT=0.0;WEIGHT_DECAY=0.0;MAX_GRAD_NORM=1.0;SEED=42;DATASET_PREFIX=4k;DATASET_VARIANT=90m;VALIDATION_INTERVAL=200;VALIDATION_STEPS=20;DIAGNOSTICS_INTERVAL=100;COMPILE_MODEL=True;COMPILE_MODE=default
10m_tok4k_schswp_lr125_wrm6M_cos,90m,2.862537384,2.887480998,pretrain_base.py,/home/samuele/Desktop/pavullmo/models/10m_tok4k_schswp_lr125_wrm6M_cos.pt,VOCAB_SIZE=4096;N_BLOCKS=8;EMBED_DIM=256;ATTN_HEADS=4;FFN_DIM=704;SEQ_LEN=1024;ROPE_BASE=10000.0;INITIALIZATION=gpt_scaled;INITIALIZATION_STD=0.02;LR=0.00125;MIN_LR=0.0;LR_SCHEDULER=cosine;WSD_DECAY_FRACTION=0.2;ADAM_BETA1=0.9;ADAM_BETA2=0.95;ADAM_EPS=1e-08;WARMUP_STEPS=732;BATCH_SIZE=8;GRAD_ACCUM_STEPS=1;EPOCHS=1;MAX_STEPS=0;DROPOUT=0.0;WEIGHT_DECAY=0.0;MAX_GRAD_NORM=1.0;SEED=42;DATASET_PREFIX=4k;DATASET_VARIANT=90m;VALIDATION_INTERVAL=200;VALIDATION_STEPS=20;DIAGNOSTICS_INTERVAL=100;COMPILE_MODEL=True;COMPILE_MODE=default
10m_tok4k_schswp_lr150_wrm6M_cos,90m,2.849696636,2.863107014,pretrain_base.py,/home/samuele/Desktop/pavullmo/models/10m_tok4k_schswp_lr150_wrm6M_cos.pt,VOCAB_SIZE=4096;N_BLOCKS=8;EMBED_DIM=256;ATTN_HEADS=4;FFN_DIM=704;SEQ_LEN=1024;ROPE_BASE=10000.0;INITIALIZATION=gpt_scaled;INITIALIZATION_STD=0.02;LR=0.0015;MIN_LR=0.0;LR_SCHEDULER=cosine;WSD_DECAY_FRACTION=0.2;ADAM_BETA1=0.9;ADAM_BETA2=0.95;ADAM_EPS=1e-08;WARMUP_STEPS=732;BATCH_SIZE=8;GRAD_ACCUM_STEPS=1;EPOCHS=1;MAX_STEPS=0;DROPOUT=0.0;WEIGHT_DECAY=0.0;MAX_GRAD_NORM=1.0;SEED=42;DATASET_PREFIX=4k;DATASET_VARIANT=90m;VALIDATION_INTERVAL=200;VALIDATION_STEPS=20;DIAGNOSTICS_INTERVAL=100;COMPILE_MODEL=True;COMPILE_MODE=default
10m_tok4k_schswp_lr075_wrm2M_coscapped,90m,2.923136234,2.942666709,pretrain_base.py,/home/samuele/Desktop/pavullmo/models/10m_tok4k_schswp_lr075_wrm2M_coscapped.pt,VOCAB_SIZE=4096;N_BLOCKS=8;EMBED_DIM=256;ATTN_HEADS=4;FFN_DIM=704;SEQ_LEN=1024;ROPE_BASE=10000.0;INITIALIZATION=gpt_scaled;INITIALIZATION_STD=0.02;LR=0.00075;MIN_LR=7.5e-05;LR_SCHEDULER=cosine;WSD_DECAY_FRACTION=0.2;ADAM_BETA1=0.9;ADAM_BETA2=0.95;ADAM_EPS=1e-08;WARMUP_STEPS=244;BATCH_SIZE=8;GRAD_ACCUM_STEPS=1;EPOCHS=1;MAX_STEPS=0;DROPOUT=0.0;WEIGHT_DECAY=0.0;MAX_GRAD_NORM=1.0;SEED=42;DATASET_PREFIX=4k;DATASET_VARIANT=90m;VALIDATION_INTERVAL=200;VALIDATION_STEPS=20;DIAGNOSTICS_INTERVAL=100;COMPILE_MODEL=True;COMPILE_MODE=default
10m_tok4k_schswp_lr150_wrm2M_coscapped,90m,2.855909348,2.858055115,pretrain_base.py,/home/samuele/Desktop/pavullmo/models/10m_tok4k_schswp_lr150_wrm2M_coscapped.pt,VOCAB_SIZE=4096;N_BLOCKS=8;EMBED_DIM=256;ATTN_HEADS=4;FFN_DIM=704;SEQ_LEN=1024;ROPE_BASE=10000.0;INITIALIZATION=gpt_scaled;INITIALIZATION_STD=0.02;LR=0.0015;MIN_LR=0.00015;LR_SCHEDULER=cosine;WSD_DECAY_FRACTION=0.2;ADAM_BETA1=0.9;ADAM_BETA2=0.95;ADAM_EPS=1e-08;WARMUP_STEPS=244;BATCH_SIZE=8;GRAD_ACCUM_STEPS=1;EPOCHS=1;MAX_STEPS=0;DROPOUT=0.0;WEIGHT_DECAY=0.0;MAX_GRAD_NORM=1.0;SEED=42;DATASET_PREFIX=4k;DATASET_VARIANT=90m;VALIDATION_INTERVAL=200;VALIDATION_STEPS=20;DIAGNOSTICS_INTERVAL=100;COMPILE_MODEL=True;COMPILE_MODE=default
10m_tok4k_schswp_lr125_wrm6M_coscapped,90m,2.847998619,2.867953134,pretrain_base.py,/home/samuele/Desktop/pavullmo/models/10m_tok4k_schswp_lr125_wrm6M_coscapped.pt,VOCAB_SIZE=4096;N_BLOCKS=8;EMBED_DIM=256;ATTN_HEADS=4;FFN_DIM=704;SEQ_LEN=1024;ROPE_BASE=10000.0;INITIALIZATION=gpt_scaled;INITIALIZATION_STD=0.02;LR=0.00125;MIN_LR=0.000125;LR_SCHEDULER=cosine;WSD_DECAY_FRACTION=0.2;ADAM_BETA1=0.9;ADAM_BETA2=0.95;ADAM_EPS=1e-08;WARMUP_STEPS=732;BATCH_SIZE=8;GRAD_ACCUM_STEPS=1;EPOCHS=1;MAX_STEPS=0;DROPOUT=0.0;WEIGHT_DECAY=0.0;MAX_GRAD_NORM=1.0;SEED=42;DATASET_PREFIX=4k;DATASET_VARIANT=90m;VALIDATION_INTERVAL=200;VALIDATION_STEPS=20;DIAGNOSTICS_INTERVAL=100;COMPILE_MODEL=True;COMPILE_MODE=default
10m_tok4k_schswp_lr150_wrm6M_coscapped,90m,2.836807728,2.846285272,pretrain_base.py,/home/samuele/Desktop/pavullmo/models/10m_tok4k_schswp_lr150_wrm6M_coscapped.pt,VOCAB_SIZE=4096;N_BLOCKS=8;EMBED_DIM=256;ATTN_HEADS=4;FFN_DIM=704;SEQ_LEN=1024;ROPE_BASE=10000.0;INITIALIZATION=gpt_scaled;INITIALIZATION_STD=0.02;LR=0.0015;MIN_LR=0.00015;LR_SCHEDULER=cosine;WSD_DECAY_FRACTION=0.2;ADAM_BETA1=0.9;ADAM_BETA2=0.95;ADAM_EPS=1e-08;WARMUP_STEPS=732;BATCH_SIZE=8;GRAD_ACCUM_STEPS=1;EPOCHS=1;MAX_STEPS=0;DROPOUT=0.0;WEIGHT_DECAY=0.0;MAX_GRAD_NORM=1.0;SEED=42;DATASET_PREFIX=4k;DATASET_VARIANT=90m;VALIDATION_INTERVAL=200;VALIDATION_STEPS=20;DIAGNOSTICS_INTERVAL=100;COMPILE_MODEL=True;COMPILE_MODE=default
10m_tok4k_schswp_lr075_wrm2M_wsd_d0.2,90m,2.850410461,2.850273955,pretrain_base.py,/home/samuele/Desktop/pavullmo/models/10m_tok4k_schswp_lr075_wrm2M_wsd_d0.2.pt,VOCAB_SIZE=4096;N_BLOCKS=8;EMBED_DIM=256;ATTN_HEADS=4;FFN_DIM=704;SEQ_LEN=1024;ROPE_BASE=10000.0;INITIALIZATION=gpt_scaled;INITIALIZATION_STD=0.02;LR=0.00075;MIN_LR=0.0;LR_SCHEDULER=wsd;WSD_DECAY_FRACTION=0.2;ADAM_BETA1=0.9;ADAM_BETA2=0.95;ADAM_EPS=1e-08;WARMUP_STEPS=244;BATCH_SIZE=8;GRAD_ACCUM_STEPS=1;EPOCHS=1;MAX_STEPS=0;DROPOUT=0.0;WEIGHT_DECAY=0.0;MAX_GRAD_NORM=1.0;SEED=42;DATASET_PREFIX=4k;DATASET_VARIANT=90m;VALIDATION_INTERVAL=200;VALIDATION_STEPS=20;DIAGNOSTICS_INTERVAL=100;COMPILE_MODEL=True;COMPILE_MODE=default
10m_tok4k_schswp_lr150_wrm2M_wsd_d0.2,90m,2.85107708,2.873435235,pretrain_base.py,/home/samuele/Desktop/pavullmo/models/10m_tok4k_schswp_lr150_wrm2M_wsd_d0.2.pt,VOCAB_SIZE=4096;N_BLOCKS=8;EMBED_DIM=256;ATTN_HEADS=4;FFN_DIM=704;SEQ_LEN=1024;ROPE_BASE=10000.0;INITIALIZATION=gpt_scaled;INITIALIZATION_STD=0.02;LR=0.0015;MIN_LR=0.0;LR_SCHEDULER=wsd;WSD_DECAY_FRACTION=0.2;ADAM_BETA1=0.9;ADAM_BETA2=0.95;ADAM_EPS=1e-08;WARMUP_STEPS=244;BATCH_SIZE=8;GRAD_ACCUM_STEPS=1;EPOCHS=1;MAX_STEPS=0;DROPOUT=0.0;WEIGHT_DECAY=0.0;MAX_GRAD_NORM=1.0;SEED=42;DATASET_PREFIX=4k;DATASET_VARIANT=90m;VALIDATION_INTERVAL=200;VALIDATION_STEPS=20;DIAGNOSTICS_INTERVAL=100;COMPILE_MODEL=True;COMPILE_MODE=default
10m_tok4k_schswp_lr125_wrm6M_wsd_d0.2,90m,2.818183422,2.829746199,pretrain_base.py,/home/samuele/Desktop/pavullmo/models/10m_tok4k_schswp_lr125_wrm6M_wsd_d0.2.pt,VOCAB_SIZE=4096;N_BLOCKS=8;EMBED_DIM=256;ATTN_HEADS=4;FFN_DIM=704;SEQ_LEN=1024;ROPE_BASE=10000.0;INITIALIZATION=gpt_scaled;INITIALIZATION_STD=0.02;LR=0.00125;MIN_LR=0.0;LR_SCHEDULER=wsd;WSD_DECAY_FRACTION=0.2;ADAM_BETA1=0.9;ADAM_BETA2=0.95;ADAM_EPS=1e-08;WARMUP_STEPS=732;BATCH_SIZE=8;GRAD_ACCUM_STEPS=1;EPOCHS=1;MAX_STEPS=0;DROPOUT=0.0;WEIGHT_DECAY=0.0;MAX_GRAD_NORM=1.0;SEED=42;DATASET_PREFIX=4k;DATASET_VARIANT=90m;VALIDATION_INTERVAL=200;VALIDATION_STEPS=20;DIAGNOSTICS_INTERVAL=100;COMPILE_MODEL=True;COMPILE_MODE=default
10m_tok4k_schswp_lr150_wrm6M_wsd_d0.2,90m,2.818445444,2.822173095,pretrain_base.py,/home/samuele/Desktop/pavullmo/models/10m_tok4k_schswp_lr150_wrm6M_wsd_d0.2.pt,VOCAB_SIZE=4096;N_BLOCKS=8;EMBED_DIM=256;ATTN_HEADS=4;FFN_DIM=704;SEQ_LEN=1024;ROPE_BASE=10000.0;INITIALIZATION=gpt_scaled;INITIALIZATION_STD=0.02;LR=0.0015;MIN_LR=0.0;LR_SCHEDULER=wsd;WSD_DECAY_FRACTION=0.2;ADAM_BETA1=0.9;ADAM_BETA2=0.95;ADAM_EPS=1e-08;WARMUP_STEPS=732;BATCH_SIZE=8;GRAD_ACCUM_STEPS=1;EPOCHS=1;MAX_STEPS=0;DROPOUT=0.0;WEIGHT_DECAY=0.0;MAX_GRAD_NORM=1.0;SEED=42;DATASET_PREFIX=4k;DATASET_VARIANT=90m;VALIDATION_INTERVAL=200;VALIDATION_STEPS=20;DIAGNOSTICS_INTERVAL=100;COMPILE_MODEL=True;COMPILE_MODE=default
10m_tok4k_schswp_lr075_wrm2M_wsd_d0.1,90m,2.856035471,2.86091311,pretrain_base.py,/home/samuele/Desktop/pavullmo/models/10m_tok4k_schswp_lr075_wrm2M_wsd_d0.1.pt,VOCAB_SIZE=4096;N_BLOCKS=8;EMBED_DIM=256;ATTN_HEADS=4;FFN_DIM=704;SEQ_LEN=1024;ROPE_BASE=10000.0;INITIALIZATION=gpt_scaled;INITIALIZATION_STD=0.02;LR=0.00075;MIN_LR=0.0;LR_SCHEDULER=wsd;WSD_DECAY_FRACTION=0.1;ADAM_BETA1=0.9;ADAM_BETA2=0.95;ADAM_EPS=1e-08;WARMUP_STEPS=244;BATCH_SIZE=8;GRAD_ACCUM_STEPS=1;EPOCHS=1;MAX_STEPS=0;DROPOUT=0.0;WEIGHT_DECAY=0.0;MAX_GRAD_NORM=1.0;SEED=42;DATASET_PREFIX=4k;DATASET_VARIANT=90m;VALIDATION_INTERVAL=200;VALIDATION_STEPS=20;DIAGNOSTICS_INTERVAL=100;COMPILE_MODEL=True;COMPILE_MODE=default
10m_tok4k_schswp_lr150_wrm2M_wsd_d0.1,90m,2.854156256,2.866071546,pretrain_base.py,/home/samuele/Desktop/pavullmo/models/10m_tok4k_schswp_lr150_wrm2M_wsd_d0.1.pt,VOCAB_SIZE=4096;N_BLOCKS=8;EMBED_DIM=256;ATTN_HEADS=4;FFN_DIM=704;SEQ_LEN=1024;ROPE_BASE=10000.0;INITIALIZATION=gpt_scaled;INITIALIZATION_STD=0.02;LR=0.0015;MIN_LR=0.0;LR_SCHEDULER=wsd;WSD_DECAY_FRACTION=0.1;ADAM_BETA1=0.9;ADAM_BETA2=0.95;ADAM_EPS=1e-08;WARMUP_STEPS=244;BATCH_SIZE=8;GRAD_ACCUM_STEPS=1;EPOCHS=1;MAX_STEPS=0;DROPOUT=0.0;WEIGHT_DECAY=0.0;MAX_GRAD_NORM=1.0;SEED=42;DATASET_PREFIX=4k;DATASET_VARIANT=90m;VALIDATION_INTERVAL=200;VALIDATION_STEPS=20;DIAGNOSTICS_INTERVAL=100;COMPILE_MODEL=True;COMPILE_MODE=default
10m_tok4k_schswp_lr125_wrm6M_wsd_d0.1,90m,2.838443995,2.843057299,pretrain_base.py,/home/samuele/Desktop/pavullmo/models/10m_tok4k_schswp_lr125_wrm6M_wsd_d0.1.pt,VOCAB_SIZE=4096;N_BLOCKS=8;EMBED_DIM=256;ATTN_HEADS=4;FFN_DIM=704;SEQ_LEN=1024;ROPE_BASE=10000.0;INITIALIZATION=gpt_scaled;INITIALIZATION_STD=0.02;LR=0.00125;MIN_LR=0.0;LR_SCHEDULER=wsd;WSD_DECAY_FRACTION=0.1;ADAM_BETA1=0.9;ADAM_BETA2=0.95;ADAM_EPS=1e-08;WARMUP_STEPS=732;BATCH_SIZE=8;GRAD_ACCUM_STEPS=1;EPOCHS=1;MAX_STEPS=0;DROPOUT=0.0;WEIGHT_DECAY=0.0;MAX_GRAD_NORM=1.0;SEED=42;DATASET_PREFIX=4k;DATASET_VARIANT=90m;VALIDATION_INTERVAL=200;VALIDATION_STEPS=20;DIAGNOSTICS_INTERVAL=100;COMPILE_MODEL=True;COMPILE_MODE=default
10m_tok4k_schswp_lr150_wrm6M_wsd_d0.1,90m,2.837219477,2.835956848,pretrain_base.py,/home/samuele/Desktop/pavullmo/models/10m_tok4k_schswp_lr150_wrm6M_wsd_d0.1.pt,VOCAB_SIZE=4096;N_BLOCKS=8;EMBED_DIM=256;ATTN_HEADS=4;FFN_DIM=704;SEQ_LEN=1024;ROPE_BASE=10000.0;INITIALIZATION=gpt_scaled;INITIALIZATION_STD=0.02;LR=0.0015;MIN_LR=0.0;LR_SCHEDULER=wsd;WSD_DECAY_FRACTION=0.1;ADAM_BETA1=0.9;ADAM_BETA2=0.95;ADAM_EPS=1e-08;WARMUP_STEPS=732;BATCH_SIZE=8;GRAD_ACCUM_STEPS=1;EPOCHS=1;MAX_STEPS=0;DROPOUT=0.0;WEIGHT_DECAY=0.0;MAX_GRAD_NORM=1.0;SEED=42;DATASET_PREFIX=4k;DATASET_VARIANT=90m;VALIDATION_INTERVAL=200;VALIDATION_STEPS=20;DIAGNOSTICS_INTERVAL=100;COMPILE_MODEL=True;COMPILE_MODE=default
10m_tok4k_195m_adambs_20260829T131541Z-7dd758_b8_lr175_base,195m,2.467968225,2.644408872,modal_pretrain_base.py,/outputs/models/10m_tok4k_195m_adambs_20260829T131541Z-7dd758_b8_lr175_base.pt,VOCAB_SIZE=4096;N_BLOCKS=8;EMBED_DIM=256;ATTN_HEADS=4;FFN_DIM=704;SEQ_LEN=1024;ROPE_BASE=10000.0;INITIALIZATION=gpt_scaled;INITIALIZATION_STD=0.02;LR=0.00175;MIN_LR=0.0;LR_SCHEDULER=wsd;WSD_DECAY_FRACTION=0.2;ADAM_BETA1=0.9;ADAM_BETA2=0.95;ADAM_EPS=1e-08;WARMUP_STEPS=732;BATCH_SIZE=8;GRAD_ACCUM_STEPS=1;EPOCHS=1;MAX_STEPS=0;DROPOUT=0.0;WEIGHT_DECAY=0.0;MAX_GRAD_NORM=1.0;SEED=42;DATASET_PREFIX=4k;DATASET_VARIANT=195m;VALIDATION_INTERVAL=500;VALIDATION_STEPS=24;DIAGNOSTICS_INTERVAL=100;COMPILE_MODEL=True;COMPILE_MODE=default
10m_tok4k_195m_adambs_20260829T131541Z-7dd758_b8_lr150_base,195m,2.476437569,2.648544908,modal_pretrain_base.py,/outputs/models/10m_tok4k_195m_adambs_20260829T131541Z-7dd758_b8_lr150_base.pt,VOCAB_SIZE=4096;N_BLOCKS=8;EMBED_DIM=256;ATTN_HEADS=4;FFN_DIM=704;SEQ_LEN=1024;ROPE_BASE=10000.0;INITIALIZATION=gpt_scaled;INITIALIZATION_STD=0.02;LR=0.0015;MIN_LR=0.0;LR_SCHEDULER=wsd;WSD_DECAY_FRACTION=0.2;ADAM_BETA1=0.9;ADAM_BETA2=0.95;ADAM_EPS=1e-08;WARMUP_STEPS=732;BATCH_SIZE=8;GRAD_ACCUM_STEPS=1;EPOCHS=1;MAX_STEPS=0;DROPOUT=0.0;WEIGHT_DECAY=0.0;MAX_GRAD_NORM=1.0;SEED=42;DATASET_PREFIX=4k;DATASET_VARIANT=195m;VALIDATION_INTERVAL=500;VALIDATION_STEPS=24;DIAGNOSTICS_INTERVAL=100;COMPILE_MODEL=True;COMPILE_MODE=default
10m_tok4k_195m_adambs_20260829T131541Z-7dd758_b8_lr125_base,195m,2.469574928,2.640241752,modal_pretrain_base.py,/outputs/models/10m_tok4k_195m_adambs_20260829T131541Z-7dd758_b8_lr125_base.pt,VOCAB_SIZE=4096;N_BLOCKS=8;EMBED_DIM=256;ATTN_HEADS=4;FFN_DIM=704;SEQ_LEN=1024;ROPE_BASE=10000.0;INITIALIZATION=gpt_scaled;INITIALIZATION_STD=0.02;LR=0.00125;MIN_LR=0.0;LR_SCHEDULER=wsd;WSD_DECAY_FRACTION=0.2;ADAM_BETA1=0.9;ADAM_BETA2=0.95;ADAM_EPS=1e-08;WARMUP_STEPS=732;BATCH_SIZE=8;GRAD_ACCUM_STEPS=1;EPOCHS=1;MAX_STEPS=0;DROPOUT=0.0;WEIGHT_DECAY=0.0;MAX_GRAD_NORM=1.0;SEED=42;DATASET_PREFIX=4k;DATASET_VARIANT=195m;VALIDATION_INTERVAL=500;VALIDATION_STEPS=24;DIAGNOSTICS_INTERVAL=100;COMPILE_MODEL=True;COMPILE_MODE=default
10m_tok4k_195m_adambs_20260829T131541Z-7dd758_b12_lr175_b2tok,195m,2.435873032,2.629396369,modal_pretrain_base.py,/outputs/models/10m_tok4k_195m_adambs_20260829T131541Z-7dd758_b12_lr175_b2tok.pt,VOCAB_SIZE=4096;N_BLOCKS=8;EMBED_DIM=256;ATTN_HEADS=4;FFN_DIM=704;SEQ_LEN=1024;ROPE_BASE=10000.0;INITIALIZATION=gpt_scaled;INITIALIZATION_STD=0.02;LR=0.00175;MIN_LR=0.0;LR_SCHEDULER=wsd;WSD_DECAY_FRACTION=0.2;ADAM_BETA1=0.9;ADAM_BETA2=0.925945;ADAM_EPS=1e-08;WARMUP_STEPS=488;BATCH_SIZE=12;GRAD_ACCUM_STEPS=1;EPOCHS=1;MAX_STEPS=0;DROPOUT=0.0;WEIGHT_DECAY=0.0;MAX_GRAD_NORM=1.0;SEED=42;DATASET_PREFIX=4k;DATASET_VARIANT=195m;VALIDATION_INTERVAL=333;VALIDATION_STEPS=16;DIAGNOSTICS_INTERVAL=67;COMPILE_MODEL=True;COMPILE_MODE=default
10m_tok4k_195m_adambs_20260829T131541Z-7dd758_b12_lr175_b2base,195m,2.426531076,2.617437979,modal_pretrain_base.py,/outputs/models/10m_tok4k_195m_adambs_20260829T131541Z-7dd758_b12_lr175_b2base.pt,VOCAB_SIZE=4096;N_BLOCKS=8;EMBED_DIM=256;ATTN_HEADS=4;FFN_DIM=704;SEQ_LEN=1024;ROPE_BASE=10000.0;INITIALIZATION=gpt_scaled;INITIALIZATION_STD=0.02;LR=0.00175;MIN_LR=0.0;LR_SCHEDULER=wsd;WSD_DECAY_FRACTION=0.2;ADAM_BETA1=0.9;ADAM_BETA2=0.95;ADAM_EPS=1e-08;WARMUP_STEPS=488;BATCH_SIZE=12;GRAD_ACCUM_STEPS=1;EPOCHS=1;MAX_STEPS=0;DROPOUT=0.0;WEIGHT_DECAY=0.0;MAX_GRAD_NORM=1.0;SEED=42;DATASET_PREFIX=4k;DATASET_VARIANT=195m;VALIDATION_INTERVAL=333;VALIDATION_STEPS=16;DIAGNOSTICS_INTERVAL=67;COMPILE_MODEL=True;COMPILE_MODE=default
10m_tok4k_195m_adambs_20260829T131541Z-7dd758_b16_lr210_b2base,195m,2.524719715,2.615104179,modal_pretrain_base.py,/outputs/models/10m_tok4k_195m_adambs_20260829T131541Z-7dd758_b16_lr210_b2base.pt,VOCAB_SIZE=4096;N_BLOCKS=8;EMBED_DIM=256;ATTN_HEADS=4;FFN_DIM=704;SEQ_LEN=1024;ROPE_BASE=10000.0;INITIALIZATION=gpt_scaled;INITIALIZATION_STD=0.02;LR=0.0021;MIN_LR=0.0;LR_SCHEDULER=wsd;WSD_DECAY_FRACTION=0.2;ADAM_BETA1=0.9;ADAM_BETA2=0.95;ADAM_EPS=1e-08;WARMUP_STEPS=366;BATCH_SIZE=16;GRAD_ACCUM_STEPS=1;EPOCHS=1;MAX_STEPS=0;DROPOUT=0.0;WEIGHT_DECAY=0.0;MAX_GRAD_NORM=1.0;SEED=42;DATASET_PREFIX=4k;DATASET_VARIANT=195m;VALIDATION_INTERVAL=250;VALIDATION_STEPS=12;DIAGNOSTICS_INTERVAL=50;COMPILE_MODEL=True;COMPILE_MODE=default
10m_tok4k_195m_adambs_20260829T131541Z-7dd758_b16_lr250_b2tok,195m,2.525241375,2.609220862,modal_pretrain_base.py,/outputs/models/10m_tok4k_195m_adambs_20260829T131541Z-7dd758_b16_lr250_b2tok.pt,VOCAB_SIZE=4096;N_BLOCKS=8;EMBED_DIM=256;ATTN_HEADS=4;FFN_DIM=704;SEQ_LEN=1024;ROPE_BASE=10000.0;INITIALIZATION=gpt_scaled;INITIALIZATION_STD=0.02;LR=0.0025;MIN_LR=0.0;LR_SCHEDULER=wsd;WSD_DECAY_FRACTION=0.2;ADAM_BETA1=0.9;ADAM_BETA2=0.9025;ADAM_EPS=1e-08;WARMUP_STEPS=366;BATCH_SIZE=16;GRAD_ACCUM_STEPS=1;EPOCHS=1;MAX_STEPS=0;DROPOUT=0.0;WEIGHT_DECAY=0.0;MAX_GRAD_NORM=1.0;SEED=42;DATASET_PREFIX=4k;DATASET_VARIANT=195m;VALIDATION_INTERVAL=250;VALIDATION_STEPS=12;DIAGNOSTICS_INTERVAL=50;COMPILE_MODEL=True;COMPILE_MODE=default
10m_tok4k_195m_adambs_20260829T131541Z-7dd758_b16_lr300_b2base,195m,2.528468847,2.610329946,modal_pretrain_base.py,/outputs/models/10m_tok4k_195m_adambs_20260829T131541Z-7dd758_b16_lr300_b2base.pt,VOCAB_SIZE=4096;N_BLOCKS=8;EMBED_DIM=256;ATTN_HEADS=4;FFN_DIM=704;SEQ_LEN=1024;ROPE_BASE=10000.0;INITIALIZATION=gpt_scaled;INITIALIZATION_STD=0.02;LR=0.003;MIN_LR=0.0;LR_SCHEDULER=wsd;WSD_DECAY_FRACTION=0.2;ADAM_BETA1=0.9;ADAM_BETA2=0.95;ADAM_EPS=1e-08;WARMUP_STEPS=366;BATCH_SIZE=16;GRAD_ACCUM_STEPS=1;EPOCHS=1;MAX_STEPS=0;DROPOUT=0.0;WEIGHT_DECAY=0.0;MAX_GRAD_NORM=1.0;SEED=42;DATASET_PREFIX=4k;DATASET_VARIANT=195m;VALIDATION_INTERVAL=250;VALIDATION_STEPS=12;DIAGNOSTICS_INTERVAL=50;COMPILE_MODEL=True;COMPILE_MODE=default
10m_tok4k_195m_adambs_20260829T131541Z-7dd758_b16_lr210_b2tok,195m,2.521901608,2.612083395,modal_pretrain_base.py,/outputs/models/10m_tok4k_195m_adambs_20260829T131541Z-7dd758_b16_lr210_b2tok.pt,VOCAB_SIZE=4096;N_BLOCKS=8;EMBED_DIM=256;ATTN_HEADS=4;FFN_DIM=704;SEQ_LEN=1024;ROPE_BASE=10000.0;INITIALIZATION=gpt_scaled;INITIALIZATION_STD=0.02;LR=0.0021;MIN_LR=0.0;LR_SCHEDULER=wsd;WSD_DECAY_FRACTION=0.2;ADAM_BETA1=0.9;ADAM_BETA2=0.9025;ADAM_EPS=1e-08;WARMUP_STEPS=366;BATCH_SIZE=16;GRAD_ACCUM_STEPS=1;EPOCHS=1;MAX_STEPS=0;DROPOUT=0.0;WEIGHT_DECAY=0.0;MAX_GRAD_NORM=1.0;SEED=42;DATASET_PREFIX=4k;DATASET_VARIANT=195m;VALIDATION_INTERVAL=250;VALIDATION_STEPS=12;DIAGNOSTICS_INTERVAL=50;COMPILE_MODEL=True;COMPILE_MODE=default
10m_tok4k_195m_adambs_20260829T131541Z-7dd758_b8_lr150_wd005,195m,2.463332176,2.646101733,modal_pretrain_base.py,/outputs/models/10m_tok4k_195m_adambs_20260829T131541Z-7dd758_b8_lr150_wd005.pt,VOCAB_SIZE=4096;N_BLOCKS=8;EMBED_DIM=256;ATTN_HEADS=4;FFN_DIM=704;SEQ_LEN=1024;ROPE_BASE=10000.0;INITIALIZATION=gpt_scaled;INITIALIZATION_STD=0.02;LR=0.0015;MIN_LR=0.0;LR_SCHEDULER=wsd;WSD_DECAY_FRACTION=0.2;ADAM_BETA1=0.9;ADAM_BETA2=0.95;ADAM_EPS=1e-08;WARMUP_STEPS=732;BATCH_SIZE=8;GRAD_ACCUM_STEPS=1;EPOCHS=1;MAX_STEPS=0;DROPOUT=0.0;WEIGHT_DECAY=0.05;MAX_GRAD_NORM=1.0;SEED=42;DATASET_PREFIX=4k;DATASET_VARIANT=195m;VALIDATION_INTERVAL=500;VALIDATION_STEPS=24;DIAGNOSTICS_INTERVAL=100;COMPILE_MODEL=True;COMPILE_MODE=default
10m_tok4k_195m_adambs_20260829T131541Z-7dd758_b8_lr150_wd001,195m,2.47671175,2.646240354,modal_pretrain_base.py,/outputs/models/10m_tok4k_195m_adambs_20260829T131541Z-7dd758_b8_lr150_wd001.pt,VOCAB_SIZE=4096;N_BLOCKS=8;EMBED_DIM=256;ATTN_HEADS=4;FFN_DIM=704;SEQ_LEN=1024;ROPE_BASE=10000.0;INITIALIZATION=gpt_scaled;INITIALIZATION_STD=0.02;LR=0.0015;MIN_LR=0.0;LR_SCHEDULER=wsd;WSD_DECAY_FRACTION=0.2;ADAM_BETA1=0.9;ADAM_BETA2=0.95;ADAM_EPS=1e-08;WARMUP_STEPS=732;BATCH_SIZE=8;GRAD_ACCUM_STEPS=1;EPOCHS=1;MAX_STEPS=0;DROPOUT=0.0;WEIGHT_DECAY=0.01;MAX_GRAD_NORM=1.0;SEED=42;DATASET_PREFIX=4k;DATASET_VARIANT=195m;VALIDATION_INTERVAL=500;VALIDATION_STEPS=24;DIAGNOSTICS_INTERVAL=100;COMPILE_MODEL=True;COMPILE_MODE=default
10m_tok4k_195m_adambs_20260829T131541Z-7dd758_b16_lr250_b1b2tok,195m,2.570932865,2.653263668,modal_pretrain_base.py,/outputs/models/10m_tok4k_195m_adambs_20260829T131541Z-7dd758_b16_lr250_b1b2tok.pt,VOCAB_SIZE=4096;N_BLOCKS=8;EMBED_DIM=256;ATTN_HEADS=4;FFN_DIM=704;SEQ_LEN=1024;ROPE_BASE=10000.0;INITIALIZATION=gpt_scaled;INITIALIZATION_STD=0.02;LR=0.0025;MIN_LR=0.0;LR_SCHEDULER=wsd;WSD_DECAY_FRACTION=0.2;ADAM_BETA1=0.81;ADAM_BETA2=0.9025;ADAM_EPS=1e-08;WARMUP_STEPS=366;BATCH_SIZE=16;GRAD_ACCUM_STEPS=1;EPOCHS=1;MAX_STEPS=0;DROPOUT=0.0;WEIGHT_DECAY=0.0;MAX_GRAD_NORM=1.0;SEED=42;DATASET_PREFIX=4k;DATASET_VARIANT=195m;VALIDATION_INTERVAL=250;VALIDATION_STEPS=12;DIAGNOSTICS_INTERVAL=50;COMPILE_MODEL=True;COMPILE_MODE=default
10m_tok4k_195m_adambs_20260829T131541Z-7dd758_b12_lr225_b2base,195m,2.432028532,2.632442156,modal_pretrain_base.py,/outputs/models/10m_tok4k_195m_adambs_20260829T131541Z-7dd758_b12_lr225_b2base.pt,VOCAB_SIZE=4096;N_BLOCKS=8;EMBED_DIM=256;ATTN_HEADS=4;FFN_DIM=704;SEQ_LEN=1024;ROPE_BASE=10000.0;INITIALIZATION=gpt_scaled;INITIALIZATION_STD=0.02;LR=0.00225;MIN_LR=0.0;LR_SCHEDULER=wsd;WSD_DECAY_FRACTION=0.2;ADAM_BETA1=0.9;ADAM_BETA2=0.95;ADAM_EPS=1e-08;WARMUP_STEPS=488;BATCH_SIZE=12;GRAD_ACCUM_STEPS=1;EPOCHS=1;MAX_STEPS=0;DROPOUT=0.0;WEIGHT_DECAY=0.0;MAX_GRAD_NORM=1.0;SEED=42;DATASET_PREFIX=4k;DATASET_VARIANT=195m;VALIDATION_INTERVAL=333;VALIDATION_STEPS=16;DIAGNOSTICS_INTERVAL=67;COMPILE_MODEL=True;COMPILE_MODE=default
10m_tok4k_195m_adambs_20260829T131541Z-7dd758_b12_lr200_b2base,195m,2.4426651,2.633703093,modal_pretrain_base.py,/outputs/models/10m_tok4k_195m_adambs_20260829T131541Z-7dd758_b12_lr200_b2base.pt,VOCAB_SIZE=4096;N_BLOCKS=8;EMBED_DIM=256;ATTN_HEADS=4;FFN_DIM=704;SEQ_LEN=1024;ROPE_BASE=10000.0;INITIALIZATION=gpt_scaled;INITIALIZATION_STD=0.02;LR=0.002;MIN_LR=0.0;LR_SCHEDULER=wsd;WSD_DECAY_FRACTION=0.2;ADAM_BETA1=0.9;ADAM_BETA2=0.95;ADAM_EPS=1e-08;WARMUP_STEPS=488;BATCH_SIZE=12;GRAD_ACCUM_STEPS=1;EPOCHS=1;MAX_STEPS=0;DROPOUT=0.0;WEIGHT_DECAY=0.0;MAX_GRAD_NORM=1.0;SEED=42;DATASET_PREFIX=4k;DATASET_VARIANT=195m;VALIDATION_INTERVAL=333;VALIDATION_STEPS=16;DIAGNOSTICS_INTERVAL=67;COMPILE_MODEL=True;COMPILE_MODE=default
10m_tok4k_195m_adambs_20260829T131541Z-7dd758_b16_lr250_b2base,195m,2.529448032,2.615439653,modal_pretrain_base.py,/outputs/models/10m_tok4k_195m_adambs_20260829T131541Z-7dd758_b16_lr250_b2base.pt,VOCAB_SIZE=4096;N_BLOCKS=8;EMBED_DIM=256;ATTN_HEADS=4;FFN_DIM=704;SEQ_LEN=1024;ROPE_BASE=10000.0;INITIALIZATION=gpt_scaled;INITIALIZATION_STD=0.02;LR=0.0025;MIN_LR=0.0;LR_SCHEDULER=wsd;WSD_DECAY_FRACTION=0.2;ADAM_BETA1=0.9;ADAM_BETA2=0.95;ADAM_EPS=1e-08;WARMUP_STEPS=366;BATCH_SIZE=16;GRAD_ACCUM_STEPS=1;EPOCHS=1;MAX_STEPS=0;DROPOUT=0.0;WEIGHT_DECAY=0.0;MAX_GRAD_NORM=1.0;SEED=42;DATASET_PREFIX=4k;DATASET_VARIANT=195m;VALIDATION_INTERVAL=250;VALIDATION_STEPS=12;DIAGNOSTICS_INTERVAL=50;COMPILE_MODEL=True;COMPILE_MODE=default
10m_tok4k_195m_adambs_20260829T131541Z-7dd758_b16_lr300_b2tok,195m,2.516561031,2.606528421,modal_pretrain_base.py,/outputs/models/10m_tok4k_195m_adambs_20260829T131541Z-7dd758_b16_lr300_b2tok.pt,VOCAB_SIZE=4096;N_BLOCKS=8;EMBED_DIM=256;ATTN_HEADS=4;FFN_DIM=704;SEQ_LEN=1024;ROPE_BASE=10000.0;INITIALIZATION=gpt_scaled;INITIALIZATION_STD=0.02;LR=0.003;MIN_LR=0.0;LR_SCHEDULER=wsd;WSD_DECAY_FRACTION=0.2;ADAM_BETA1=0.9;ADAM_BETA2=0.9025;ADAM_EPS=1e-08;WARMUP_STEPS=366;BATCH_SIZE=16;GRAD_ACCUM_STEPS=1;EPOCHS=1;MAX_STEPS=0;DROPOUT=0.0;WEIGHT_DECAY=0.0;MAX_GRAD_NORM=1.0;SEED=42;DATASET_PREFIX=4k;DATASET_VARIANT=195m;VALIDATION_INTERVAL=250;VALIDATION_STEPS=12;DIAGNOSTICS_INTERVAL=50;COMPILE_MODEL=True;COMPILE_MODE=default
10m_tok4k_195m_adambs_20260829T131541Z-7dd758_b8_lr150_wd010,195m,2.469903469,2.642709027,modal_pretrain_base.py,/outputs/models/10m_tok4k_195m_adambs_20260829T131541Z-7dd758_b8_lr150_wd010.pt,VOCAB_SIZE=4096;N_BLOCKS=8;EMBED_DIM=256;ATTN_HEADS=4;FFN_DIM=704;SEQ_LEN=1024;ROPE_BASE=10000.0;INITIALIZATION=gpt_scaled;INITIALIZATION_STD=0.02;LR=0.0015;MIN_LR=0.0;LR_SCHEDULER=wsd;WSD_DECAY_FRACTION=0.2;ADAM_BETA1=0.9;ADAM_BETA2=0.95;ADAM_EPS=1e-08;WARMUP_STEPS=732;BATCH_SIZE=8;GRAD_ACCUM_STEPS=1;EPOCHS=1;MAX_STEPS=0;DROPOUT=0.0;WEIGHT_DECAY=0.1;MAX_GRAD_NORM=1.0;SEED=42;DATASET_PREFIX=4k;DATASET_VARIANT=195m;VALIDATION_INTERVAL=500;VALIDATION_STEPS=24;DIAGNOSTICS_INTERVAL=100;COMPILE_MODEL=True;COMPILE_MODE=default
10m_tok4k_195m_adambs_20260829T131541Z-7dd758_b12_lr200_b2tok,195m,2.435008049,2.635412782,modal_pretrain_base.py,/outputs/models/10m_tok4k_195m_adambs_20260829T131541Z-7dd758_b12_lr200_b2tok.pt,VOCAB_SIZE=4096;N_BLOCKS=8;EMBED_DIM=256;ATTN_HEADS=4;FFN_DIM=704;SEQ_LEN=1024;ROPE_BASE=10000.0;INITIALIZATION=gpt_scaled;INITIALIZATION_STD=0.02;LR=0.002;MIN_LR=0.0;LR_SCHEDULER=wsd;WSD_DECAY_FRACTION=0.2;ADAM_BETA1=0.9;ADAM_BETA2=0.925945;ADAM_EPS=1e-08;WARMUP_STEPS=488;BATCH_SIZE=12;GRAD_ACCUM_STEPS=1;EPOCHS=1;MAX_STEPS=0;DROPOUT=0.0;WEIGHT_DECAY=0.0;MAX_GRAD_NORM=1.0;SEED=42;DATASET_PREFIX=4k;DATASET_VARIANT=195m;VALIDATION_INTERVAL=333;VALIDATION_STEPS=16;DIAGNOSTICS_INTERVAL=67;COMPILE_MODEL=True;COMPILE_MODE=default
10m_tok4k_195m_adambs_20260829T131541Z-7dd758_b12_lr200_b1b2tok,195m,2.44894433,2.645219843,modal_pretrain_base.py,/outputs/models/10m_tok4k_195m_adambs_20260829T131541Z-7dd758_b12_lr200_b1b2tok.pt,VOCAB_SIZE=4096;N_BLOCKS=8;EMBED_DIM=256;ATTN_HEADS=4;FFN_DIM=704;SEQ_LEN=1024;ROPE_BASE=10000.0;INITIALIZATION=gpt_scaled;INITIALIZATION_STD=0.02;LR=0.002;MIN_LR=0.0;LR_SCHEDULER=wsd;WSD_DECAY_FRACTION=0.2;ADAM_BETA1=0.853815;ADAM_BETA2=0.925945;ADAM_EPS=1e-08;WARMUP_STEPS=488;BATCH_SIZE=12;GRAD_ACCUM_STEPS=1;EPOCHS=1;MAX_STEPS=0;DROPOUT=0.0;WEIGHT_DECAY=0.0;MAX_GRAD_NORM=1.0;SEED=42;DATASET_PREFIX=4k;DATASET_VARIANT=195m;VALIDATION_INTERVAL=333;VALIDATION_STEPS=16;DIAGNOSTICS_INTERVAL=67;COMPILE_MODEL=True;COMPILE_MODE=default
10m_tok4k_195m_adambs_20260829T131541Z-7dd758_b12_lr225_b2tok,195m,2.440455198,2.633750916,modal_pretrain_base.py,/outputs/models/10m_tok4k_195m_adambs_20260829T131541Z-7dd758_b12_lr225_b2tok.pt,VOCAB_SIZE=4096;N_BLOCKS=8;EMBED_DIM=256;ATTN_HEADS=4;FFN_DIM=704;SEQ_LEN=1024;ROPE_BASE=10000.0;INITIALIZATION=gpt_scaled;INITIALIZATION_STD=0.02;LR=0.00225;MIN_LR=0.0;LR_SCHEDULER=wsd;WSD_DECAY_FRACTION=0.2;ADAM_BETA1=0.9;ADAM_BETA2=0.925945;ADAM_EPS=1e-08;WARMUP_STEPS=488;BATCH_SIZE=12;GRAD_ACCUM_STEPS=1;EPOCHS=1;MAX_STEPS=0;DROPOUT=0.0;WEIGHT_DECAY=0.0;MAX_GRAD_NORM=1.0;SEED=42;DATASET_PREFIX=4k;DATASET_VARIANT=195m;VALIDATION_INTERVAL=333;VALIDATION_STEPS=16;DIAGNOSTICS_INTERVAL=67;COMPILE_MODEL=True;COMPILE_MODE=default
10m_tok4k_195m_b16_lrwd_20260830T094058Z-10053_lr300_wd005,195m,2.523398638,2.603213191,pretrain_base.py,/home/samuele/Desktop/pavullmo/models/10m_tok4k_195m_b16_lrwd_20260830T094058Z-10053_lr300_wd005.pt,VOCAB_SIZE=4096;N_BLOCKS=8;EMBED_DIM=256;ATTN_HEADS=4;FFN_DIM=704;SEQ_LEN=1024;ROPE_BASE=10000.0;INITIALIZATION=gpt_scaled;INITIALIZATION_STD=0.02;LR=0.003;MIN_LR=0.0;LR_SCHEDULER=wsd;WSD_DECAY_FRACTION=0.2;ADAM_BETA1=0.9;ADAM_BETA2=0.9025;ADAM_EPS=1e-08;WARMUP_STEPS=366;BATCH_SIZE=16;GRAD_ACCUM_STEPS=1;EPOCHS=1;MAX_STEPS=0;DROPOUT=0.0;WEIGHT_DECAY=0.05;MAX_GRAD_NORM=1.0;SEED=42;DATASET_PREFIX=4k;DATASET_VARIANT=195m;VALIDATION_INTERVAL=250;VALIDATION_STEPS=12;DIAGNOSTICS_INTERVAL=50;COMPILE_MODEL=True;COMPILE_MODE=default
10m_tok4k_195m_b16_lrwd_20260830T094058Z-10053_lr300_wd010,195m,2.52816987,2.609589517,pretrain_base.py,/home/samuele/Desktop/pavullmo/models/10m_tok4k_195m_b16_lrwd_20260830T094058Z-10053_lr300_wd010.pt,VOCAB_SIZE=4096;N_BLOCKS=8;EMBED_DIM=256;ATTN_HEADS=4;FFN_DIM=704;SEQ_LEN=1024;ROPE_BASE=10000.0;INITIALIZATION=gpt_scaled;INITIALIZATION_STD=0.02;LR=0.003;MIN_LR=0.0;LR_SCHEDULER=wsd;WSD_DECAY_FRACTION=0.2;ADAM_BETA1=0.9;ADAM_BETA2=0.9025;ADAM_EPS=1e-08;WARMUP_STEPS=366;BATCH_SIZE=16;GRAD_ACCUM_STEPS=1;EPOCHS=1;MAX_STEPS=0;DROPOUT=0.0;WEIGHT_DECAY=0.1;MAX_GRAD_NORM=1.0;SEED=42;DATASET_PREFIX=4k;DATASET_VARIANT=195m;VALIDATION_INTERVAL=250;VALIDATION_STEPS=12;DIAGNOSTICS_INTERVAL=50;COMPILE_MODEL=True;COMPILE_MODE=default
10m_tok4k_195m_b16_lrwd_20260830T094058Z-10053_lr325_wd000,195m,2.517569304,2.604393144,pretrain_base.py,/home/samuele/Desktop/pavullmo/models/10m_tok4k_195m_b16_lrwd_20260830T094058Z-10053_lr325_wd000.pt,VOCAB_SIZE=4096;N_BLOCKS=8;EMBED_DIM=256;ATTN_HEADS=4;FFN_DIM=704;SEQ_LEN=1024;ROPE_BASE=10000.0;INITIALIZATION=gpt_scaled;INITIALIZATION_STD=0.02;LR=0.00325;MIN_LR=0.0;LR_SCHEDULER=wsd;WSD_DECAY_FRACTION=0.2;ADAM_BETA1=0.9;ADAM_BETA2=0.9025;ADAM_EPS=1e-08;WARMUP_STEPS=366;BATCH_SIZE=16;GRAD_ACCUM_STEPS=1;EPOCHS=1;MAX_STEPS=0;DROPOUT=0.0;WEIGHT_DECAY=0.0;MAX_GRAD_NORM=1.0;SEED=42;DATASET_PREFIX=4k;DATASET_VARIANT=195m;VALIDATION_INTERVAL=250;VALIDATION_STEPS=12;DIAGNOSTICS_INTERVAL=50;COMPILE_MODEL=True;COMPILE_MODE=default
10m_tok4k_195m_b16_lrwd_20260830T094058Z-10053_lr325_wd005,195m,2.522868156,2.608584146,pretrain_base.py,/home/samuele/Desktop/pavullmo/models/10m_tok4k_195m_b16_lrwd_20260830T094058Z-10053_lr325_wd005.pt,VOCAB_SIZE=4096;N_BLOCKS=8;EMBED_DIM=256;ATTN_HEADS=4;FFN_DIM=704;SEQ_LEN=1024;ROPE_BASE=10000.0;INITIALIZATION=gpt_scaled;INITIALIZATION_STD=0.02;LR=0.00325;MIN_LR=0.0;LR_SCHEDULER=wsd;WSD_DECAY_FRACTION=0.2;ADAM_BETA1=0.9;ADAM_BETA2=0.9025;ADAM_EPS=1e-08;WARMUP_STEPS=366;BATCH_SIZE=16;GRAD_ACCUM_STEPS=1;EPOCHS=1;MAX_STEPS=0;DROPOUT=0.0;WEIGHT_DECAY=0.05;MAX_GRAD_NORM=1.0;SEED=42;DATASET_PREFIX=4k;DATASET_VARIANT=195m;VALIDATION_INTERVAL=250;VALIDATION_STEPS=12;DIAGNOSTICS_INTERVAL=50;COMPILE_MODEL=True;COMPILE_MODE=default
10m_tok4k_195m_b16_lrwd_20260830T094058Z-10053_lr325_wd010,195m,2.52661705,2.606280883,pretrain_base.py,/home/samuele/Desktop/pavullmo/models/10m_tok4k_195m_b16_lrwd_20260830T094058Z-10053_lr325_wd010.pt,VOCAB_SIZE=4096;N_BLOCKS=8;EMBED_DIM=256;ATTN_HEADS=4;FFN_DIM=704;SEQ_LEN=1024;ROPE_BASE=10000.0;INITIALIZATION=gpt_scaled;INITIALIZATION_STD=0.02;LR=0.00325;MIN_LR=0.0;LR_SCHEDULER=wsd;WSD_DECAY_FRACTION=0.2;ADAM_BETA1=0.9;ADAM_BETA2=0.9025;ADAM_EPS=1e-08;WARMUP_STEPS=366;BATCH_SIZE=16;GRAD_ACCUM_STEPS=1;EPOCHS=1;MAX_STEPS=0;DROPOUT=0.0;WEIGHT_DECAY=0.1;MAX_GRAD_NORM=1.0;SEED=42;DATASET_PREFIX=4k;DATASET_VARIANT=195m;VALIDATION_INTERVAL=250;VALIDATION_STEPS=12;DIAGNOSTICS_INTERVAL=50;COMPILE_MODEL=True;COMPILE_MODE=default
10m_tok4k_195m_b16_lrwd_20260830T094058Z-10053_lr350_wd000,195m,2.535139084,2.617004732,pretrain_base.py,/home/samuele/Desktop/pavullmo/models/10m_tok4k_195m_b16_lrwd_20260830T094058Z-10053_lr350_wd000.pt,VOCAB_SIZE=4096;N_BLOCKS=8;EMBED_DIM=256;ATTN_HEADS=4;FFN_DIM=704;SEQ_LEN=1024;ROPE_BASE=10000.0;INITIALIZATION=gpt_scaled;INITIALIZATION_STD=0.02;LR=0.0035;MIN_LR=0.0;LR_SCHEDULER=wsd;WSD_DECAY_FRACTION=0.2;ADAM_BETA1=0.9;ADAM_BETA2=0.9025;ADAM_EPS=1e-08;WARMUP_STEPS=366;BATCH_SIZE=16;GRAD_ACCUM_STEPS=1;EPOCHS=1;MAX_STEPS=0;DROPOUT=0.0;WEIGHT_DECAY=0.0;MAX_GRAD_NORM=1.0;SEED=42;DATASET_PREFIX=4k;DATASET_VARIANT=195m;VALIDATION_INTERVAL=250;VALIDATION_STEPS=12;DIAGNOSTICS_INTERVAL=50;COMPILE_MODEL=True;COMPILE_MODE=default
10m_tok4k_195m_b16_qkz_20260830T102231Z-16799_lr300_wd005_qkoff_z0,195m,2.524770021,2.602646073,pretrain_base.py,/home/samuele/Desktop/pavullmo/models/10m_tok4k_195m_b16_qkz_20260830T102231Z-16799_lr300_wd005_qkoff_z0.pt,VOCAB_SIZE=4096;N_BLOCKS=8;EMBED_DIM=256;ATTN_HEADS=4;FFN_DIM=704;SEQ_LEN=1024;ROPE_BASE=10000.0;INITIALIZATION=gpt_scaled;INITIALIZATION_STD=0.02;QK_NORM=False;LR=0.003;MIN_LR=0.0;LR_SCHEDULER=wsd;WSD_DECAY_FRACTION=0.2;ADAM_BETA1=0.9;ADAM_BETA2=0.9025;ADAM_EPS=1e-08;WARMUP_STEPS=366;BATCH_SIZE=16;GRAD_ACCUM_STEPS=1;EPOCHS=1;MAX_STEPS=0;DROPOUT=0.0;WEIGHT_DECAY=0.05;Z_LOSS_COEFFICIENT=0.0;MAX_GRAD_NORM=1.0;SEED=42;DATASET_PREFIX=4k;DATASET_VARIANT=195m;VALIDATION_INTERVAL=250;VALIDATION_STEPS=12;DIAGNOSTICS_INTERVAL=50;COMPILE_MODEL=True;COMPILE_MODE=default
10m_tok4k_195m_b16_qkz_20260830T102231Z-16799_lr300_wd005_qkoff_z1e4,195m,2.515770197,2.603194416,pretrain_base.py,/home/samuele/Desktop/pavullmo/models/10m_tok4k_195m_b16_qkz_20260830T102231Z-16799_lr300_wd005_qkoff_z1e4.pt,VOCAB_SIZE=4096;N_BLOCKS=8;EMBED_DIM=256;ATTN_HEADS=4;FFN_DIM=704;SEQ_LEN=1024;ROPE_BASE=10000.0;INITIALIZATION=gpt_scaled;INITIALIZATION_STD=0.02;QK_NORM=False;LR=0.003;MIN_LR=0.0;LR_SCHEDULER=wsd;WSD_DECAY_FRACTION=0.2;ADAM_BETA1=0.9;ADAM_BETA2=0.9025;ADAM_EPS=1e-08;WARMUP_STEPS=366;BATCH_SIZE=16;GRAD_ACCUM_STEPS=1;EPOCHS=1;MAX_STEPS=0;DROPOUT=0.0;WEIGHT_DECAY=0.05;Z_LOSS_COEFFICIENT=0.0001;MAX_GRAD_NORM=1.0;SEED=42;DATASET_PREFIX=4k;DATASET_VARIANT=195m;VALIDATION_INTERVAL=250;VALIDATION_STEPS=12;DIAGNOSTICS_INTERVAL=50;COMPILE_MODEL=True;COMPILE_MODE=default
10m_tok4k_195m_b16_qkz_20260830T102231Z-16799_lr300_wd005_qkon_z0,195m,2.489473343,2.575170934,pretrain_base.py,/home/samuele/Desktop/pavullmo/models/10m_tok4k_195m_b16_qkz_20260830T102231Z-16799_lr300_wd005_qkon_z0.pt,VOCAB_SIZE=4096;N_BLOCKS=8;EMBED_DIM=256;ATTN_HEADS=4;FFN_DIM=704;SEQ_LEN=1024;ROPE_BASE=10000.0;INITIALIZATION=gpt_scaled;INITIALIZATION_STD=0.02;QK_NORM=True;LR=0.003;MIN_LR=0.0;LR_SCHEDULER=wsd;WSD_DECAY_FRACTION=0.2;ADAM_BETA1=0.9;ADAM_BETA2=0.9025;ADAM_EPS=1e-08;WARMUP_STEPS=366;BATCH_SIZE=16;GRAD_ACCUM_STEPS=1;EPOCHS=1;MAX_STEPS=0;DROPOUT=0.0;WEIGHT_DECAY=0.05;Z_LOSS_COEFFICIENT=0.0;MAX_GRAD_NORM=1.0;SEED=42;DATASET_PREFIX=4k;DATASET_VARIANT=195m;VALIDATION_INTERVAL=250;VALIDATION_STEPS=12;DIAGNOSTICS_INTERVAL=50;COMPILE_MODEL=True;COMPILE_MODE=default
10m_tok4k_195m_b16_qkz_20260830T102231Z-16799_lr300_wd005_qkon_z1e4,195m,2.486107826,2.568300605,pretrain_base.py,/home/samuele/Desktop/pavullmo/models/10m_tok4k_195m_b16_qkz_20260830T102231Z-16799_lr300_wd005_qkon_z1e4.pt,VOCAB_SIZE=4096;N_BLOCKS=8;EMBED_DIM=256;ATTN_HEADS=4;FFN_DIM=704;SEQ_LEN=1024;ROPE_BASE=10000.0;INITIALIZATION=gpt_scaled;INITIALIZATION_STD=0.02;QK_NORM=True;LR=0.003;MIN_LR=0.0;LR_SCHEDULER=wsd;WSD_DECAY_FRACTION=0.2;ADAM_BETA1=0.9;ADAM_BETA2=0.9025;ADAM_EPS=1e-08;WARMUP_STEPS=366;BATCH_SIZE=16;GRAD_ACCUM_STEPS=1;EPOCHS=1;MAX_STEPS=0;DROPOUT=0.0;WEIGHT_DECAY=0.05;Z_LOSS_COEFFICIENT=0.0001;MAX_GRAD_NORM=1.0;SEED=42;DATASET_PREFIX=4k;DATASET_VARIANT=195m;VALIDATION_INTERVAL=250;VALIDATION_STEPS=12;DIAGNOSTICS_INTERVAL=50;COMPILE_MODEL=True;COMPILE_MODE=default
10m_tok4k_195m_b16_qkz_20260830T102231Z-16799_lr325_wd000_qkoff_z0,195m,2.512667179,2.606158872,pretrain_base.py,/home/samuele/Desktop/pavullmo/models/10m_tok4k_195m_b16_qkz_20260830T102231Z-16799_lr325_wd000_qkoff_z0.pt,VOCAB_SIZE=4096;N_BLOCKS=8;EMBED_DIM=256;ATTN_HEADS=4;FFN_DIM=704;SEQ_LEN=1024;ROPE_BASE=10000.0;INITIALIZATION=gpt_scaled;INITIALIZATION_STD=0.02;QK_NORM=False;LR=0.00325;MIN_LR=0.0;LR_SCHEDULER=wsd;WSD_DECAY_FRACTION=0.2;ADAM_BETA1=0.9;ADAM_BETA2=0.9025;ADAM_EPS=1e-08;WARMUP_STEPS=366;BATCH_SIZE=16;GRAD_ACCUM_STEPS=1;EPOCHS=1;MAX_STEPS=0;DROPOUT=0.0;WEIGHT_DECAY=0.0;Z_LOSS_COEFFICIENT=0.0;MAX_GRAD_NORM=1.0;SEED=42;DATASET_PREFIX=4k;DATASET_VARIANT=195m;VALIDATION_INTERVAL=250;VALIDATION_STEPS=12;DIAGNOSTICS_INTERVAL=50;COMPILE_MODEL=True;COMPILE_MODE=default
10m_tok4k_195m_b16_qkz_20260830T102231Z-16799_lr325_wd000_qkoff_z1e4,195m,2.51996994,2.606480896,pretrain_base.py,/home/samuele/Desktop/pavullmo/models/10m_tok4k_195m_b16_qkz_20260830T102231Z-16799_lr325_wd000_qkoff_z1e4.pt,VOCAB_SIZE=4096;N_BLOCKS=8;EMBED_DIM=256;ATTN_HEADS=4;FFN_DIM=704;SEQ_LEN=1024;ROPE_BASE=10000.0;INITIALIZATION=gpt_scaled;INITIALIZATION_STD=0.02;QK_NORM=False;LR=0.00325;MIN_LR=0.0;LR_SCHEDULER=wsd;WSD_DECAY_FRACTION=0.2;ADAM_BETA1=0.9;ADAM_BETA2=0.9025;ADAM_EPS=1e-08;WARMUP_STEPS=366;BATCH_SIZE=16;GRAD_ACCUM_STEPS=1;EPOCHS=1;MAX_STEPS=0;DROPOUT=0.0;WEIGHT_DECAY=0.0;Z_LOSS_COEFFICIENT=0.0001;MAX_GRAD_NORM=1.0;SEED=42;DATASET_PREFIX=4k;DATASET_VARIANT=195m;VALIDATION_INTERVAL=250;VALIDATION_STEPS=12;DIAGNOSTICS_INTERVAL=50;COMPILE_MODEL=True;COMPILE_MODE=default
10m_tok4k_195m_b16_qkz_20260830T102231Z-16799_lr325_wd000_qkon_z0,195m,2.483268023,2.572033246,pretrain_base.py,/home/samuele/Desktop/pavullmo/models/10m_tok4k_195m_b16_qkz_20260830T102231Z-16799_lr325_wd000_qkon_z0.pt,VOCAB_SIZE=4096;N_BLOCKS=8;EMBED_DIM=256;ATTN_HEADS=4;FFN_DIM=704;SEQ_LEN=1024;ROPE_BASE=10000.0;INITIALIZATION=gpt_scaled;INITIALIZATION_STD=0.02;QK_NORM=True;LR=0.00325;MIN_LR=0.0;LR_SCHEDULER=wsd;WSD_DECAY_FRACTION=0.2;ADAM_BETA1=0.9;ADAM_BETA2=0.9025;ADAM_EPS=1e-08;WARMUP_STEPS=366;BATCH_SIZE=16;GRAD_ACCUM_STEPS=1;EPOCHS=1;MAX_STEPS=0;DROPOUT=0.0;WEIGHT_DECAY=0.0;Z_LOSS_COEFFICIENT=0.0;MAX_GRAD_NORM=1.0;SEED=42;DATASET_PREFIX=4k;DATASET_VARIANT=195m;VALIDATION_INTERVAL=250;VALIDATION_STEPS=12;DIAGNOSTICS_INTERVAL=50;COMPILE_MODEL=True;COMPILE_MODE=default
10m_tok4k_195m_b16_qkz_20260830T102231Z-16799_lr325_wd000_qkon_z1e4,195m,2.487601995,2.577556729,pretrain_base.py,/home/samuele/Desktop/pavullmo/models/10m_tok4k_195m_b16_qkz_20260830T102231Z-16799_lr325_wd000_qkon_z1e4.pt,VOCAB_SIZE=4096;N_BLOCKS=8;EMBED_DIM=256;ATTN_HEADS=4;FFN_DIM=704;SEQ_LEN=1024;ROPE_BASE=10000.0;INITIALIZATION=gpt_scaled;INITIALIZATION_STD=0.02;QK_NORM=True;LR=0.00325;MIN_LR=0.0;LR_SCHEDULER=wsd;WSD_DECAY_FRACTION=0.2;ADAM_BETA1=0.9;ADAM_BETA2=0.9025;ADAM_EPS=1e-08;WARMUP_STEPS=366;BATCH_SIZE=16;GRAD_ACCUM_STEPS=1;EPOCHS=1;MAX_STEPS=0;DROPOUT=0.0;WEIGHT_DECAY=0.0;Z_LOSS_COEFFICIENT=0.0001;MAX_GRAD_NORM=1.0;SEED=42;DATASET_PREFIX=4k;DATASET_VARIANT=195m;VALIDATION_INTERVAL=250;VALIDATION_STEPS=12;DIAGNOSTICS_INTERVAL=50;COMPILE_MODEL=True;COMPILE_MODE=default
10m_tok4k_195m_b16_qkz_20260830T102231Z-16799_lr325_wd010_qkoff_z0,195m,2.518447161,2.601359367,pretrain_base.py,/home/samuele/Desktop/pavullmo/models/10m_tok4k_195m_b16_qkz_20260830T102231Z-16799_lr325_wd010_qkoff_z0.pt,VOCAB_SIZE=4096;N_BLOCKS=8;EMBED_DIM=256;ATTN_HEADS=4;FFN_DIM=704;SEQ_LEN=1024;ROPE_BASE=10000.0;INITIALIZATION=gpt_scaled;INITIALIZATION_STD=0.02;QK_NORM=False;LR=0.00325;MIN_LR=0.0;LR_SCHEDULER=wsd;WSD_DECAY_FRACTION=0.2;ADAM_BETA1=0.9;ADAM_BETA2=0.9025;ADAM_EPS=1e-08;WARMUP_STEPS=366;BATCH_SIZE=16;GRAD_ACCUM_STEPS=1;EPOCHS=1;MAX_STEPS=0;DROPOUT=0.0;WEIGHT_DECAY=0.1;Z_LOSS_COEFFICIENT=0.0;MAX_GRAD_NORM=1.0;SEED=42;DATASET_PREFIX=4k;DATASET_VARIANT=195m;VALIDATION_INTERVAL=250;VALIDATION_STEPS=12;DIAGNOSTICS_INTERVAL=50;COMPILE_MODEL=True;COMPILE_MODE=default
10m_tok4k_195m_b16_qkz_20260830T102231Z-16799_lr325_wd010_qkoff_z1e4,195m,2.522686243,2.602957924,pretrain_base.py,/home/samuele/Desktop/pavullmo/models/10m_tok4k_195m_b16_qkz_20260830T102231Z-16799_lr325_wd010_qkoff_z1e4.pt,VOCAB_SIZE=4096;N_BLOCKS=8;EMBED_DIM=256;ATTN_HEADS=4;FFN_DIM=704;SEQ_LEN=1024;ROPE_BASE=10000.0;INITIALIZATION=gpt_scaled;INITIALIZATION_STD=0.02;QK_NORM=False;LR=0.00325;MIN_LR=0.0;LR_SCHEDULER=wsd;WSD_DECAY_FRACTION=0.2;ADAM_BETA1=0.9;ADAM_BETA2=0.9025;ADAM_EPS=1e-08;WARMUP_STEPS=366;BATCH_SIZE=16;GRAD_ACCUM_STEPS=1;EPOCHS=1;MAX_STEPS=0;DROPOUT=0.0;WEIGHT_DECAY=0.1;Z_LOSS_COEFFICIENT=0.0001;MAX_GRAD_NORM=1.0;SEED=42;DATASET_PREFIX=4k;DATASET_VARIANT=195m;VALIDATION_INTERVAL=250;VALIDATION_STEPS=12;DIAGNOSTICS_INTERVAL=50;COMPILE_MODEL=True;COMPILE_MODE=default
10m_tok4k_195m_b16_qkz_20260830T102231Z-16799_lr325_wd010_qkon_z0,195m,2.49580431,2.575502912,pretrain_base.py,/home/samuele/Desktop/pavullmo/models/10m_tok4k_195m_b16_qkz_20260830T102231Z-16799_lr325_wd010_qkon_z0.pt,VOCAB_SIZE=4096;N_BLOCKS=8;EMBED_DIM=256;ATTN_HEADS=4;FFN_DIM=704;SEQ_LEN=1024;ROPE_BASE=10000.0;INITIALIZATION=gpt_scaled;INITIALIZATION_STD=0.02;QK_NORM=True;LR=0.00325;MIN_LR=0.0;LR_SCHEDULER=wsd;WSD_DECAY_FRACTION=0.2;ADAM_BETA1=0.9;ADAM_BETA2=0.9025;ADAM_EPS=1e-08;WARMUP_STEPS=366;BATCH_SIZE=16;GRAD_ACCUM_STEPS=1;EPOCHS=1;MAX_STEPS=0;DROPOUT=0.0;WEIGHT_DECAY=0.1;Z_LOSS_COEFFICIENT=0.0;MAX_GRAD_NORM=1.0;SEED=42;DATASET_PREFIX=4k;DATASET_VARIANT=195m;VALIDATION_INTERVAL=250;VALIDATION_STEPS=12;DIAGNOSTICS_INTERVAL=50;COMPILE_MODEL=True;COMPILE_MODE=default
10m_tok4k_195m_b16_qkz_20260830T102231Z-16799_lr325_wd010_qkon_z1e4,195m,2.494637728,2.576636672,pretrain_base.py,/home/samuele/Desktop/pavullmo/models/10m_tok4k_195m_b16_qkz_20260830T102231Z-16799_lr325_wd010_qkon_z1e4.pt,VOCAB_SIZE=4096;N_BLOCKS=8;EMBED_DIM=256;ATTN_HEADS=4;FFN_DIM=704;SEQ_LEN=1024;ROPE_BASE=10000.0;INITIALIZATION=gpt_scaled;INITIALIZATION_STD=0.02;QK_NORM=True;LR=0.00325;MIN_LR=0.0;LR_SCHEDULER=wsd;WSD_DECAY_FRACTION=0.2;ADAM_BETA1=0.9;ADAM_BETA2=0.9025;ADAM_EPS=1e-08;WARMUP_STEPS=366;BATCH_SIZE=16;GRAD_ACCUM_STEPS=1;EPOCHS=1;MAX_STEPS=0;DROPOUT=0.0;WEIGHT_DECAY=0.1;Z_LOSS_COEFFICIENT=0.0001;MAX_GRAD_NORM=1.0;SEED=42;DATASET_PREFIX=4k;DATASET_VARIANT=195m;VALIDATION_INTERVAL=250;VALIDATION_STEPS=12;DIAGNOSTICS_INTERVAL=50;COMPILE_MODEL=True;COMPILE_MODE=default
10m_tok4k_421m_b16_qkz_20260830T102231Z-16799_lr300_wd005_qkoff_z0,421m,2.389767408,2.48121345,pretrain_base.py,/home/samuele/Desktop/pavullmo/models/10m_tok4k_421m_b16_qkz_20260830T102231Z-16799_lr300_wd005_qkoff_z0.pt,VOCAB_SIZE=4096;N_BLOCKS=8;EMBED_DIM=256;ATTN_HEADS=4;FFN_DIM=704;SEQ_LEN=1024;ROPE_BASE=10000.0;INITIALIZATION=gpt_scaled;INITIALIZATION_STD=0.02;QK_NORM=False;LR=0.003;MIN_LR=0.0;LR_SCHEDULER=wsd;WSD_DECAY_FRACTION=0.2;ADAM_BETA1=0.9;ADAM_BETA2=0.9025;ADAM_EPS=1e-08;WARMUP_STEPS=366;BATCH_SIZE=16;GRAD_ACCUM_STEPS=1;EPOCHS=1;MAX_STEPS=0;DROPOUT=0.0;WEIGHT_DECAY=0.05;Z_LOSS_COEFFICIENT=0.0;MAX_GRAD_NORM=1.0;SEED=42;DATASET_PREFIX=4k;DATASET_VARIANT=421m;VALIDATION_INTERVAL=250;VALIDATION_STEPS=12;DIAGNOSTICS_INTERVAL=50;COMPILE_MODEL=True;COMPILE_MODE=default
10m_tok4k_421m_b16_qkz_20260830T102231Z-16799_lr300_wd005_qkoff_z1e4,421m,2.393795729,2.481696884,pretrain_base.py,/home/samuele/Desktop/pavullmo/models/10m_tok4k_421m_b16_qkz_20260830T102231Z-16799_lr300_wd005_qkoff_z1e4.pt,VOCAB_SIZE=4096;N_BLOCKS=8;EMBED_DIM=256;ATTN_HEADS=4;FFN_DIM=704;SEQ_LEN=1024;ROPE_BASE=10000.0;INITIALIZATION=gpt_scaled;INITIALIZATION_STD=0.02;QK_NORM=False;LR=0.003;MIN_LR=0.0;LR_SCHEDULER=wsd;WSD_DECAY_FRACTION=0.2;ADAM_BETA1=0.9;ADAM_BETA2=0.9025;ADAM_EPS=1e-08;WARMUP_STEPS=366;BATCH_SIZE=16;GRAD_ACCUM_STEPS=1;EPOCHS=1;MAX_STEPS=0;DROPOUT=0.0;WEIGHT_DECAY=0.05;Z_LOSS_COEFFICIENT=0.0001;MAX_GRAD_NORM=1.0;SEED=42;DATASET_PREFIX=4k;DATASET_VARIANT=421m;VALIDATION_INTERVAL=250;VALIDATION_STEPS=12;DIAGNOSTICS_INTERVAL=50;COMPILE_MODEL=True;COMPILE_MODE=default
10m_tok4k_421m_b16_qkz_20260830T102231Z-16799_lr300_wd005_qkon_z0,421m,2.36283946,2.463326097,pretrain_base.py,/home/samuele/Desktop/pavullmo/models/10m_tok4k_421m_b16_qkz_20260830T102231Z-16799_lr300_wd005_qkon_z0.pt,VOCAB_SIZE=4096;N_BLOCKS=8;EMBED_DIM=256;ATTN_HEADS=4;FFN_DIM=704;SEQ_LEN=1024;ROPE_BASE=10000.0;INITIALIZATION=gpt_scaled;INITIALIZATION_STD=0.02;QK_NORM=True;LR=0.003;MIN_LR=0.0;LR_SCHEDULER=wsd;WSD_DECAY_FRACTION=0.2;ADAM_BETA1=0.9;ADAM_BETA2=0.9025;ADAM_EPS=1e-08;WARMUP_STEPS=366;BATCH_SIZE=16;GRAD_ACCUM_STEPS=1;EPOCHS=1;MAX_STEPS=0;DROPOUT=0.0;WEIGHT_DECAY=0.05;Z_LOSS_COEFFICIENT=0.0;MAX_GRAD_NORM=1.0;SEED=42;DATASET_PREFIX=4k;DATASET_VARIANT=421m;VALIDATION_INTERVAL=250;VALIDATION_STEPS=12;DIAGNOSTICS_INTERVAL=50;COMPILE_MODEL=True;COMPILE_MODE=default
10m_tok4k_421m_b16_qkz_20260830T102231Z-16799_lr300_wd005_qkon_z1e4,421m,2.36735177,2.460199952,pretrain_base.py,/home/samuele/Desktop/pavullmo/models/10m_tok4k_421m_b16_qkz_20260830T102231Z-16799_lr300_wd005_qkon_z1e4.pt,VOCAB_SIZE=4096;N_BLOCKS=8;EMBED_DIM=256;ATTN_HEADS=4;FFN_DIM=704;SEQ_LEN=1024;ROPE_BASE=10000.0;INITIALIZATION=gpt_scaled;INITIALIZATION_STD=0.02;QK_NORM=True;LR=0.003;MIN_LR=0.0;LR_SCHEDULER=wsd;WSD_DECAY_FRACTION=0.2;ADAM_BETA1=0.9;ADAM_BETA2=0.9025;ADAM_EPS=1e-08;WARMUP_STEPS=366;BATCH_SIZE=16;GRAD_ACCUM_STEPS=1;EPOCHS=1;MAX_STEPS=0;DROPOUT=0.0;WEIGHT_DECAY=0.05;Z_LOSS_COEFFICIENT=0.0001;MAX_GRAD_NORM=1.0;SEED=42;DATASET_PREFIX=4k;DATASET_VARIANT=421m;VALIDATION_INTERVAL=250;VALIDATION_STEPS=12;DIAGNOSTICS_INTERVAL=50;COMPILE_MODEL=True;COMPILE_MODE=default
10m_tok4k_421m_b16_qkz_20260830T102231Z-16799_lr325_wd000_qkoff_z0,421m,2.39638257,2.491432011,pretrain_base.py,/home/samuele/Desktop/pavullmo/models/10m_tok4k_421m_b16_qkz_20260830T102231Z-16799_lr325_wd000_qkoff_z0.pt,VOCAB_SIZE=4096;N_BLOCKS=8;EMBED_DIM=256;ATTN_HEADS=4;FFN_DIM=704;SEQ_LEN=1024;ROPE_BASE=10000.0;INITIALIZATION=gpt_scaled;INITIALIZATION_STD=0.02;QK_NORM=False;LR=0.00325;MIN_LR=0.0;LR_SCHEDULER=wsd;WSD_DECAY_FRACTION=0.2;ADAM_BETA1=0.9;ADAM_BETA2=0.9025;ADAM_EPS=1e-08;WARMUP_STEPS=366;BATCH_SIZE=16;GRAD_ACCUM_STEPS=1;EPOCHS=1;MAX_STEPS=0;DROPOUT=0.0;WEIGHT_DECAY=0.0;Z_LOSS_COEFFICIENT=0.0;MAX_GRAD_NORM=1.0;SEED=42;DATASET_PREFIX=4k;DATASET_VARIANT=421m;VALIDATION_INTERVAL=250;VALIDATION_STEPS=12;DIAGNOSTICS_INTERVAL=50;COMPILE_MODEL=True;COMPILE_MODE=default
10m_tok4k_421m_b16_qkz_20260830T102231Z-16799_lr325_wd000_qkoff_z1e4,421m,2.391535044,2.487884144,pretrain_base.py,/home/samuele/Desktop/pavullmo/models/10m_tok4k_421m_b16_qkz_20260830T102231Z-16799_lr325_wd000_qkoff_z1e4.pt,VOCAB_SIZE=4096;N_BLOCKS=8;EMBED_DIM=256;ATTN_HEADS=4;FFN_DIM=704;SEQ_LEN=1024;ROPE_BASE=10000.0;INITIALIZATION=gpt_scaled;INITIALIZATION_STD=0.02;QK_NORM=False;LR=0.00325;MIN_LR=0.0;LR_SCHEDULER=wsd;WSD_DECAY_FRACTION=0.2;ADAM_BETA1=0.9;ADAM_BETA2=0.9025;ADAM_EPS=1e-08;WARMUP_STEPS=366;BATCH_SIZE=16;GRAD_ACCUM_STEPS=1;EPOCHS=1;MAX_STEPS=0;DROPOUT=0.0;WEIGHT_DECAY=0.0;Z_LOSS_COEFFICIENT=0.0001;MAX_GRAD_NORM=1.0;SEED=42;DATASET_PREFIX=4k;DATASET_VARIANT=421m;VALIDATION_INTERVAL=250;VALIDATION_STEPS=12;DIAGNOSTICS_INTERVAL=50;COMPILE_MODEL=True;COMPILE_MODE=default
10m_tok4k_421m_b16_qkz_20260830T102231Z-16799_lr325_wd000_qkon_z0,421m,2.371844292,2.466718932,pretrain_base.py,/home/samuele/Desktop/pavullmo/models/10m_tok4k_421m_b16_qkz_20260830T102231Z-16799_lr325_wd000_qkon_z0.pt,VOCAB_SIZE=4096;N_BLOCKS=8;EMBED_DIM=256;ATTN_HEADS=4;FFN_DIM=704;SEQ_LEN=1024;ROPE_BASE=10000.0;INITIALIZATION=gpt_scaled;INITIALIZATION_STD=0.02;QK_NORM=True;LR=0.00325;MIN_LR=0.0;LR_SCHEDULER=wsd;WSD_DECAY_FRACTION=0.2;ADAM_BETA1=0.9;ADAM_BETA2=0.9025;ADAM_EPS=1e-08;WARMUP_STEPS=366;BATCH_SIZE=16;GRAD_ACCUM_STEPS=1;EPOCHS=1;MAX_STEPS=0;DROPOUT=0.0;WEIGHT_DECAY=0.0;Z_LOSS_COEFFICIENT=0.0;MAX_GRAD_NORM=1.0;SEED=42;DATASET_PREFIX=4k;DATASET_VARIANT=421m;VALIDATION_INTERVAL=250;VALIDATION_STEPS=12;DIAGNOSTICS_INTERVAL=50;COMPILE_MODEL=True;COMPILE_MODE=default
10m_tok4k_421m_b16_qkz_20260830T102231Z-16799_lr325_wd000_qkon_z1e4,421m,2.369060993,2.470687648,pretrain_base.py,/home/samuele/Desktop/pavullmo/models/10m_tok4k_421m_b16_qkz_20260830T102231Z-16799_lr325_wd000_qkon_z1e4.pt,VOCAB_SIZE=4096;N_BLOCKS=8;EMBED_DIM=256;ATTN_HEADS=4;FFN_DIM=704;SEQ_LEN=1024;ROPE_BASE=10000.0;INITIALIZATION=gpt_scaled;INITIALIZATION_STD=0.02;QK_NORM=True;LR=0.00325;MIN_LR=0.0;LR_SCHEDULER=wsd;WSD_DECAY_FRACTION=0.2;ADAM_BETA1=0.9;ADAM_BETA2=0.9025;ADAM_EPS=1e-08;WARMUP_STEPS=366;BATCH_SIZE=16;GRAD_ACCUM_STEPS=1;EPOCHS=1;MAX_STEPS=0;DROPOUT=0.0;WEIGHT_DECAY=0.0;Z_LOSS_COEFFICIENT=0.0001;MAX_GRAD_NORM=1.0;SEED=42;DATASET_PREFIX=4k;DATASET_VARIANT=421m;VALIDATION_INTERVAL=250;VALIDATION_STEPS=12;DIAGNOSTICS_INTERVAL=50;COMPILE_MODEL=True;COMPILE_MODE=default
10m_tok4k_421m_b16_qkz_20260830T102231Z-16799_lr325_wd010_qkoff_z0,421m,2.414591074,2.503166616,pretrain_base.py,/home/samuele/Desktop/pavullmo/models/10m_tok4k_421m_b16_qkz_20260830T102231Z-16799_lr325_wd010_qkoff_z0.pt,VOCAB_SIZE=4096;N_BLOCKS=8;EMBED_DIM=256;ATTN_HEADS=4;FFN_DIM=704;SEQ_LEN=1024;ROPE_BASE=10000.0;INITIALIZATION=gpt_scaled;INITIALIZATION_STD=0.02;QK_NORM=False;LR=0.00325;MIN_LR=0.0;LR_SCHEDULER=wsd;WSD_DECAY_FRACTION=0.2;ADAM_BETA1=0.9;ADAM_BETA2=0.9025;ADAM_EPS=1e-08;WARMUP_STEPS=366;BATCH_SIZE=16;GRAD_ACCUM_STEPS=1;EPOCHS=1;MAX_STEPS=0;DROPOUT=0.0;WEIGHT_DECAY=0.1;Z_LOSS_COEFFICIENT=0.0;MAX_GRAD_NORM=1.0;SEED=42;DATASET_PREFIX=4k;DATASET_VARIANT=421m;VALIDATION_INTERVAL=250;VALIDATION_STEPS=12;DIAGNOSTICS_INTERVAL=50;COMPILE_MODEL=True;COMPILE_MODE=default
10m_tok4k_421m_b16_qkz_20260830T102231Z-16799_lr325_wd010_qkoff_z1e4,421m,2.397554159,2.490197897,pretrain_base.py,/home/samuele/Desktop/pavullmo/models/10m_tok4k_421m_b16_qkz_20260830T102231Z-16799_lr325_wd010_qkoff_z1e4.pt,VOCAB_SIZE=4096;N_BLOCKS=8;EMBED_DIM=256;ATTN_HEADS=4;FFN_DIM=704;SEQ_LEN=1024;ROPE_BASE=10000.0;INITIALIZATION=gpt_scaled;INITIALIZATION_STD=0.02;QK_NORM=False;LR=0.00325;MIN_LR=0.0;LR_SCHEDULER=wsd;WSD_DECAY_FRACTION=0.2;ADAM_BETA1=0.9;ADAM_BETA2=0.9025;ADAM_EPS=1e-08;WARMUP_STEPS=366;BATCH_SIZE=16;GRAD_ACCUM_STEPS=1;EPOCHS=1;MAX_STEPS=0;DROPOUT=0.0;WEIGHT_DECAY=0.1;Z_LOSS_COEFFICIENT=0.0001;MAX_GRAD_NORM=1.0;SEED=42;DATASET_PREFIX=4k;DATASET_VARIANT=421m;VALIDATION_INTERVAL=250;VALIDATION_STEPS=12;DIAGNOSTICS_INTERVAL=50;COMPILE_MODEL=True;COMPILE_MODE=default
10m_tok4k_421m_b16_qkz_20260830T102231Z-16799_lr325_wd010_qkon_z0,421m,2.370924711,2.470530669,pretrain_base.py,/home/samuele/Desktop/pavullmo/models/10m_tok4k_421m_b16_qkz_20260830T102231Z-16799_lr325_wd010_qkon_z0.pt,VOCAB_SIZE=4096;N_BLOCKS=8;EMBED_DIM=256;ATTN_HEADS=4;FFN_DIM=704;SEQ_LEN=1024;ROPE_BASE=10000.0;INITIALIZATION=gpt_scaled;INITIALIZATION_STD=0.02;QK_NORM=True;LR=0.00325;MIN_LR=0.0;LR_SCHEDULER=wsd;WSD_DECAY_FRACTION=0.2;ADAM_BETA1=0.9;ADAM_BETA2=0.9025;ADAM_EPS=1e-08;WARMUP_STEPS=366;BATCH_SIZE=16;GRAD_ACCUM_STEPS=1;EPOCHS=1;MAX_STEPS=0;DROPOUT=0.0;WEIGHT_DECAY=0.1;Z_LOSS_COEFFICIENT=0.0;MAX_GRAD_NORM=1.0;SEED=42;DATASET_PREFIX=4k;DATASET_VARIANT=421m;VALIDATION_INTERVAL=250;VALIDATION_STEPS=12;DIAGNOSTICS_INTERVAL=50;COMPILE_MODEL=True;COMPILE_MODE=default
10m_tok4k_421m_b16_qkz_20260830T102231Z-16799_lr325_wd010_qkon_z1e4,421m,2.384197474,2.474379619,pretrain_base.py,/home/samuele/Desktop/pavullmo/models/10m_tok4k_421m_b16_qkz_20260830T102231Z-16799_lr325_wd010_qkon_z1e4.pt,VOCAB_SIZE=4096;N_BLOCKS=8;EMBED_DIM=256;ATTN_HEADS=4;FFN_DIM=704;SEQ_LEN=1024;ROPE_BASE=10000.0;INITIALIZATION=gpt_scaled;INITIALIZATION_STD=0.02;QK_NORM=True;LR=0.00325;MIN_LR=0.0;LR_SCHEDULER=wsd;WSD_DECAY_FRACTION=0.2;ADAM_BETA1=0.9;ADAM_BETA2=0.9025;ADAM_EPS=1e-08;WARMUP_STEPS=366;BATCH_SIZE=16;GRAD_ACCUM_STEPS=1;EPOCHS=1;MAX_STEPS=0;DROPOUT=0.0;WEIGHT_DECAY=0.1;Z_LOSS_COEFFICIENT=0.0001;MAX_GRAD_NORM=1.0;SEED=42;DATASET_PREFIX=4k;DATASET_VARIANT=421m;VALIDATION_INTERVAL=250;VALIDATION_STEPS=12;DIAGNOSTICS_INTERVAL=50;COMPILE_MODEL=True;COMPILE_MODE=default
10m_tok8k_90m_toksel_20260830T142601Z-6f9e49_lr240,90m,3.924190521,3.963716775,pretrain_base.py,/home/samuele/Desktop/pavullmo/models/10m_tok8k_90m_toksel_20260830T142601Z-6f9e49_lr240.pt,VOCAB_SIZE=8192;N_BLOCKS=8;EMBED_DIM=256;ATTN_HEADS=4;FFN_DIM=704;SEQ_LEN=1024;ROPE_BASE=10000.0;INITIALIZATION=gpt_scaled;INITIALIZATION_STD=0.02;QK_NORM=True;LR=0.0024;MIN_LR=0.0;LR_SCHEDULER=wsd;WSD_DECAY_FRACTION=0.2;ADAM_BETA1=0.9;ADAM_BETA2=0.9025;ADAM_EPS=1e-08;WARMUP_STEPS=256;BATCH_SIZE=16;GRAD_ACCUM_STEPS=1;EPOCHS=1;MAX_STEPS=0;DROPOUT=0.0;WEIGHT_DECAY=0.05;Z_LOSS_COEFFICIENT=0.0;MAX_GRAD_NORM=1.0;SEED=42;DATASET_PREFIX=8k;DATASET_VARIANT=90m;VALIDATION_INTERVAL=175;VALIDATION_STEPS=8;DIAGNOSTICS_INTERVAL=35;COMPILE_MODEL=True;COMPILE_MODE=default
10m_tok8k_90m_toksel_20260830T142601Z-6f9e49_lr300,90m,3.940401077,3.993280321,pretrain_base.py,/home/samuele/Desktop/pavullmo/models/10m_tok8k_90m_toksel_20260830T142601Z-6f9e49_lr300.pt,VOCAB_SIZE=8192;N_BLOCKS=8;EMBED_DIM=256;ATTN_HEADS=4;FFN_DIM=704;SEQ_LEN=1024;ROPE_BASE=10000.0;INITIALIZATION=gpt_scaled;INITIALIZATION_STD=0.02;QK_NORM=True;LR=0.003;MIN_LR=0.0;LR_SCHEDULER=wsd;WSD_DECAY_FRACTION=0.2;ADAM_BETA1=0.9;ADAM_BETA2=0.9025;ADAM_EPS=1e-08;WARMUP_STEPS=256;BATCH_SIZE=16;GRAD_ACCUM_STEPS=1;EPOCHS=1;MAX_STEPS=0;DROPOUT=0.0;WEIGHT_DECAY=0.05;Z_LOSS_COEFFICIENT=0.0;MAX_GRAD_NORM=1.0;SEED=42;DATASET_PREFIX=8k;DATASET_VARIANT=90m;VALIDATION_INTERVAL=175;VALIDATION_STEPS=8;DIAGNOSTICS_INTERVAL=35;COMPILE_MODEL=True;COMPILE_MODE=default
10m_tok8k_90m_toksel_20260830T142601Z-6f9e49_lr360,90m,3.924657106,3.966118664,pretrain_base.py,/home/samuele/Desktop/pavullmo/models/10m_tok8k_90m_toksel_20260830T142601Z-6f9e49_lr360.pt,VOCAB_SIZE=8192;N_BLOCKS=8;EMBED_DIM=256;ATTN_HEADS=4;FFN_DIM=704;SEQ_LEN=1024;ROPE_BASE=10000.0;INITIALIZATION=gpt_scaled;INITIALIZATION_STD=0.02;QK_NORM=True;LR=0.0036;MIN_LR=0.0;LR_SCHEDULER=wsd;WSD_DECAY_FRACTION=0.2;ADAM_BETA1=0.9;ADAM_BETA2=0.9025;ADAM_EPS=1e-08;WARMUP_STEPS=256;BATCH_SIZE=16;GRAD_ACCUM_STEPS=1;EPOCHS=1;MAX_STEPS=0;DROPOUT=0.0;WEIGHT_DECAY=0.05;Z_LOSS_COEFFICIENT=0.0;MAX_GRAD_NORM=1.0;SEED=42;DATASET_PREFIX=8k;DATASET_VARIANT=90m;VALIDATION_INTERVAL=175;VALIDATION_STEPS=8;DIAGNOSTICS_INTERVAL=35;COMPILE_MODEL=True;COMPILE_MODE=default
10m_tok16k_90m_toksel_20260830T142601Z-6f9e49_lr240,90m,4.497281075,4.552834715,pretrain_base.py,/home/samuele/Desktop/pavullmo/models/10m_tok16k_90m_toksel_20260830T142601Z-6f9e49_lr240.pt,VOCAB_SIZE=16384;N_BLOCKS=8;EMBED_DIM=256;ATTN_HEADS=4;FFN_DIM=704;SEQ_LEN=1024;ROPE_BASE=10000.0;INITIALIZATION=gpt_scaled;INITIALIZATION_STD=0.02;QK_NORM=True;LR=0.0024;MIN_LR=0.0;LR_SCHEDULER=wsd;WSD_DECAY_FRACTION=0.2;ADAM_BETA1=0.9;ADAM_BETA2=0.9025;ADAM_EPS=1e-08;WARMUP_STEPS=219;BATCH_SIZE=16;GRAD_ACCUM_STEPS=1;EPOCHS=1;MAX_STEPS=0;DROPOUT=0.0;WEIGHT_DECAY=0.05;Z_LOSS_COEFFICIENT=0.0;MAX_GRAD_NORM=1.0;SEED=42;DATASET_PREFIX=16k;DATASET_VARIANT=90m;VALIDATION_INTERVAL=149;VALIDATION_STEPS=7;DIAGNOSTICS_INTERVAL=30;COMPILE_MODEL=True;COMPILE_MODE=default
10m_tok16k_90m_toksel_20260830T142601Z-6f9e49_lr300,90m,4.509207726,4.57149131,pretrain_base.py,/home/samuele/Desktop/pavullmo/models/10m_tok16k_90m_toksel_20260830T142601Z-6f9e49_lr300.pt,VOCAB_SIZE=16384;N_BLOCKS=8;EMBED_DIM=256;ATTN_HEADS=4;FFN_DIM=704;SEQ_LEN=1024;ROPE_BASE=10000.0;INITIALIZATION=gpt_scaled;INITIALIZATION_STD=0.02;QK_NORM=True;LR=0.003;MIN_LR=0.0;LR_SCHEDULER=wsd;WSD_DECAY_FRACTION=0.2;ADAM_BETA1=0.9;ADAM_BETA2=0.9025;ADAM_EPS=1e-08;WARMUP_STEPS=219;BATCH_SIZE=16;GRAD_ACCUM_STEPS=1;EPOCHS=1;MAX_STEPS=0;DROPOUT=0.0;WEIGHT_DECAY=0.05;Z_LOSS_COEFFICIENT=0.0;MAX_GRAD_NORM=1.0;SEED=42;DATASET_PREFIX=16k;DATASET_VARIANT=90m;VALIDATION_INTERVAL=149;VALIDATION_STEPS=7;DIAGNOSTICS_INTERVAL=30;COMPILE_MODEL=True;COMPILE_MODE=default
10m_tok16k_90m_toksel_20260830T142601Z-6f9e49_lr360,90m,4.52468586,4.577480793,pretrain_base.py,/home/samuele/Desktop/pavullmo/models/10m_tok16k_90m_toksel_20260830T142601Z-6f9e49_lr360.pt,VOCAB_SIZE=16384;N_BLOCKS=8;EMBED_DIM=256;ATTN_HEADS=4;FFN_DIM=704;SEQ_LEN=1024;ROPE_BASE=10000.0;INITIALIZATION=gpt_scaled;INITIALIZATION_STD=0.02;QK_NORM=True;LR=0.0036;MIN_LR=0.0;LR_SCHEDULER=wsd;WSD_DECAY_FRACTION=0.2;ADAM_BETA1=0.9;ADAM_BETA2=0.9025;ADAM_EPS=1e-08;WARMUP_STEPS=219;BATCH_SIZE=16;GRAD_ACCUM_STEPS=1;EPOCHS=1;MAX_STEPS=0;DROPOUT=0.0;WEIGHT_DECAY=0.05;Z_LOSS_COEFFICIENT=0.0;MAX_GRAD_NORM=1.0;SEED=42;DATASET_PREFIX=16k;DATASET_VARIANT=90m;VALIDATION_INTERVAL=149;VALIDATION_STEPS=7;DIAGNOSTICS_INTERVAL=30;COMPILE_MODEL=True;COMPILE_MODE=default
50m_tok4k_90m_toksel_20260830T142837Z-b1af35_lr175,90m,2.604471684,2.602157136,modal_pretrain_base.py,/outputs/models/50m_tok4k_90m_toksel_20260830T142837Z-b1af35_lr175.pt,VOCAB_SIZE=4096;N_BLOCKS=16;EMBED_DIM=512;ATTN_HEADS=8;FFN_DIM=1344;SEQ_LEN=1024;ROPE_BASE=10000.0;INITIALIZATION=gpt_scaled;INITIALIZATION_STD=0.02;QK_NORM=True;LR=0.00175;MIN_LR=0.0;LR_SCHEDULER=wsd;WSD_DECAY_FRACTION=0.2;ADAM_BETA1=0.9;ADAM_BETA2=0.9025;ADAM_EPS=1e-08;WARMUP_STEPS=366;BATCH_SIZE=16;GRAD_ACCUM_STEPS=1;EPOCHS=1;MAX_STEPS=0;DROPOUT=0.0;WEIGHT_DECAY=0.05;Z_LOSS_COEFFICIENT=0.0;MAX_GRAD_NORM=1.0;SEED=42;DATASET_PREFIX=4k;DATASET_VARIANT=90m;VALIDATION_INTERVAL=250;VALIDATION_STEPS=12;DIAGNOSTICS_INTERVAL=50;COMPILE_MODEL=True;COMPILE_MODE=default
10m_tok8k_421m_toksel_20260830T142601Z-6f9e49_lr240_best90,421m,3.283611298,3.47204864,pretrain_base.py,/home/samuele/Desktop/pavullmo/models/10m_tok8k_421m_toksel_20260830T142601Z-6f9e49_lr240_best90.pt,VOCAB_SIZE=8192;N_BLOCKS=8;EMBED_DIM=256;ATTN_HEADS=4;FFN_DIM=704;SEQ_LEN=1024;ROPE_BASE=10000.0;INITIALIZATION=gpt_scaled;INITIALIZATION_STD=0.02;QK_NORM=True;LR=0.0024;MIN_LR=0.0;LR_SCHEDULER=wsd;WSD_DECAY_FRACTION=0.2;ADAM_BETA1=0.9;ADAM_BETA2=0.9025;ADAM_EPS=1e-08;WARMUP_STEPS=256;BATCH_SIZE=16;GRAD_ACCUM_STEPS=1;EPOCHS=1;MAX_STEPS=0;DROPOUT=0.0;WEIGHT_DECAY=0.05;Z_LOSS_COEFFICIENT=0.0;MAX_GRAD_NORM=1.0;SEED=42;DATASET_PREFIX=8k;DATASET_VARIANT=421m;VALIDATION_INTERVAL=175;VALIDATION_STEPS=8;DIAGNOSTICS_INTERVAL=35;COMPILE_MODEL=True;COMPILE_MODE=default
50m_tok4k_90m_toksel_20260830T142837Z-b1af35_lr210,90m,2.612371206,2.611453056,modal_pretrain_base.py,/outputs/models/50m_tok4k_90m_toksel_20260830T142837Z-b1af35_lr210.pt,VOCAB_SIZE=4096;N_BLOCKS=16;EMBED_DIM=512;ATTN_HEADS=8;FFN_DIM=1344;SEQ_LEN=1024;ROPE_BASE=10000.0;INITIALIZATION=gpt_scaled;INITIALIZATION_STD=0.02;QK_NORM=True;LR=0.0021;MIN_LR=0.0;LR_SCHEDULER=wsd;WSD_DECAY_FRACTION=0.2;ADAM_BETA1=0.9;ADAM_BETA2=0.9025;ADAM_EPS=1e-08;WARMUP_STEPS=366;BATCH_SIZE=16;GRAD_ACCUM_STEPS=1;EPOCHS=1;MAX_STEPS=0;DROPOUT=0.0;WEIGHT_DECAY=0.05;Z_LOSS_COEFFICIENT=0.0;MAX_GRAD_NORM=1.0;SEED=42;DATASET_PREFIX=4k;DATASET_VARIANT=90m;VALIDATION_INTERVAL=250;VALIDATION_STEPS=12;DIAGNOSTICS_INTERVAL=50;COMPILE_MODEL=True;COMPILE_MODE=default
10m_tok16k_421m_toksel_20260830T142601Z-6f9e49_lr240_best90,421m,3.64715004,3.994304214,pretrain_base.py,/home/samuele/Desktop/pavullmo/models/10m_tok16k_421m_toksel_20260830T142601Z-6f9e49_lr240_best90.pt,VOCAB_SIZE=16384;N_BLOCKS=8;EMBED_DIM=256;ATTN_HEADS=4;FFN_DIM=704;SEQ_LEN=1024;ROPE_BASE=10000.0;INITIALIZATION=gpt_scaled;INITIALIZATION_STD=0.02;QK_NORM=True;LR=0.0024;MIN_LR=0.0;LR_SCHEDULER=wsd;WSD_DECAY_FRACTION=0.2;ADAM_BETA1=0.9;ADAM_BETA2=0.9025;ADAM_EPS=1e-08;WARMUP_STEPS=219;BATCH_SIZE=16;GRAD_ACCUM_STEPS=1;EPOCHS=1;MAX_STEPS=0;DROPOUT=0.0;WEIGHT_DECAY=0.05;Z_LOSS_COEFFICIENT=0.0;MAX_GRAD_NORM=1.0;SEED=42;DATASET_PREFIX=16k;DATASET_VARIANT=421m;VALIDATION_INTERVAL=149;VALIDATION_STEPS=7;DIAGNOSTICS_INTERVAL=30;COMPILE_MODEL=True;COMPILE_MODE=default
50m_tok4k_90m_toksel_20260830T142837Z-b1af35_lr250,90m,2.607385635,2.607044498,modal_pretrain_base.py,/outputs/models/50m_tok4k_90m_toksel_20260830T142837Z-b1af35_lr250.pt,VOCAB_SIZE=4096;N_BLOCKS=16;EMBED_DIM=512;ATTN_HEADS=8;FFN_DIM=1344;SEQ_LEN=1024;ROPE_BASE=10000.0;INITIALIZATION=gpt_scaled;INITIALIZATION_STD=0.02;QK_NORM=True;LR=0.0025;MIN_LR=0.0;LR_SCHEDULER=wsd;WSD_DECAY_FRACTION=0.2;ADAM_BETA1=0.9;ADAM_BETA2=0.9025;ADAM_EPS=1e-08;WARMUP_STEPS=366;BATCH_SIZE=16;GRAD_ACCUM_STEPS=1;EPOCHS=1;MAX_STEPS=0;DROPOUT=0.0;WEIGHT_DECAY=0.05;Z_LOSS_COEFFICIENT=0.0;MAX_GRAD_NORM=1.0;SEED=42;DATASET_PREFIX=4k;DATASET_VARIANT=90m;VALIDATION_INTERVAL=250;VALIDATION_STEPS=12;DIAGNOSTICS_INTERVAL=50;COMPILE_MODEL=True;COMPILE_MODE=default
50m_tok8k_90m_toksel_20260830T142837Z-b1af35_lr175,90m,3.70089221,3.749640197,modal_pretrain_base.py,/outputs/models/50m_tok8k_90m_toksel_20260830T142837Z-b1af35_lr175.pt,VOCAB_SIZE=8192;N_BLOCKS=16;EMBED_DIM=512;ATTN_HEADS=8;FFN_DIM=1344;SEQ_LEN=1024;ROPE_BASE=10000.0;INITIALIZATION=gpt_scaled;INITIALIZATION_STD=0.02;QK_NORM=True;LR=0.00175;MIN_LR=0.0;LR_SCHEDULER=wsd;WSD_DECAY_FRACTION=0.2;ADAM_BETA1=0.9;ADAM_BETA2=0.9025;ADAM_EPS=1e-08;WARMUP_STEPS=256;BATCH_SIZE=16;GRAD_ACCUM_STEPS=1;EPOCHS=1;MAX_STEPS=0;DROPOUT=0.0;WEIGHT_DECAY=0.05;Z_LOSS_COEFFICIENT=0.0;MAX_GRAD_NORM=1.0;SEED=42;DATASET_PREFIX=8k;DATASET_VARIANT=90m;VALIDATION_INTERVAL=175;VALIDATION_STEPS=8;DIAGNOSTICS_INTERVAL=35;COMPILE_MODEL=True;COMPILE_MODE=default
50m_tok8k_90m_toksel_20260830T142837Z-b1af35_lr210,90m,3.67891264,3.729765832,modal_pretrain_base.py,/outputs/models/50m_tok8k_90m_toksel_20260830T142837Z-b1af35_lr210.pt,VOCAB_SIZE=8192;N_BLOCKS=16;EMBED_DIM=512;ATTN_HEADS=8;FFN_DIM=1344;SEQ_LEN=1024;ROPE_BASE=10000.0;INITIALIZATION=gpt_scaled;INITIALIZATION_STD=0.02;QK_NORM=True;LR=0.0021;MIN_LR=0.0;LR_SCHEDULER=wsd;WSD_DECAY_FRACTION=0.2;ADAM_BETA1=0.9;ADAM_BETA2=0.9025;ADAM_EPS=1e-08;WARMUP_STEPS=256;BATCH_SIZE=16;GRAD_ACCUM_STEPS=1;EPOCHS=1;MAX_STEPS=0;DROPOUT=0.0;WEIGHT_DECAY=0.05;Z_LOSS_COEFFICIENT=0.0;MAX_GRAD_NORM=1.0;SEED=42;DATASET_PREFIX=8k;DATASET_VARIANT=90m;VALIDATION_INTERVAL=175;VALIDATION_STEPS=8;DIAGNOSTICS_INTERVAL=35;COMPILE_MODEL=True;COMPILE_MODE=default
50m_tok8k_90m_toksel_20260830T142837Z-b1af35_lr250,90m,3.697469234,3.742001116,modal_pretrain_base.py,/outputs/models/50m_tok8k_90m_toksel_20260830T142837Z-b1af35_lr250.pt,VOCAB_SIZE=8192;N_BLOCKS=16;EMBED_DIM=512;ATTN_HEADS=8;FFN_DIM=1344;SEQ_LEN=1024;ROPE_BASE=10000.0;INITIALIZATION=gpt_scaled;INITIALIZATION_STD=0.02;QK_NORM=True;LR=0.0025;MIN_LR=0.0;LR_SCHEDULER=wsd;WSD_DECAY_FRACTION=0.2;ADAM_BETA1=0.9;ADAM_BETA2=0.9025;ADAM_EPS=1e-08;WARMUP_STEPS=256;BATCH_SIZE=16;GRAD_ACCUM_STEPS=1;EPOCHS=1;MAX_STEPS=0;DROPOUT=0.0;WEIGHT_DECAY=0.05;Z_LOSS_COEFFICIENT=0.0;MAX_GRAD_NORM=1.0;SEED=42;DATASET_PREFIX=8k;DATASET_VARIANT=90m;VALIDATION_INTERVAL=175;VALIDATION_STEPS=8;DIAGNOSTICS_INTERVAL=35;COMPILE_MODEL=True;COMPILE_MODE=default
50m_tok16k_90m_toksel_20260830T142837Z-b1af35_lr175,90m,4.34986639,4.420213018,modal_pretrain_base.py,/outputs/models/50m_tok16k_90m_toksel_20260830T142837Z-b1af35_lr175.pt,VOCAB_SIZE=16384;N_BLOCKS=16;EMBED_DIM=512;ATTN_HEADS=8;FFN_DIM=1344;SEQ_LEN=1024;ROPE_BASE=10000.0;INITIALIZATION=gpt_scaled;INITIALIZATION_STD=0.02;QK_NORM=True;LR=0.00175;MIN_LR=0.0;LR_SCHEDULER=wsd;WSD_DECAY_FRACTION=0.2;ADAM_BETA1=0.9;ADAM_BETA2=0.9025;ADAM_EPS=1e-08;WARMUP_STEPS=219;BATCH_SIZE=16;GRAD_ACCUM_STEPS=1;EPOCHS=1;MAX_STEPS=0;DROPOUT=0.0;WEIGHT_DECAY=0.05;Z_LOSS_COEFFICIENT=0.0;MAX_GRAD_NORM=1.0;SEED=42;DATASET_PREFIX=16k;DATASET_VARIANT=90m;VALIDATION_INTERVAL=149;VALIDATION_STEPS=7;DIAGNOSTICS_INTERVAL=30;COMPILE_MODEL=True;COMPILE_MODE=default
50m_tok16k_90m_toksel_20260830T142837Z-b1af35_lr210,90m,4.323457241,4.410259928,modal_pretrain_base.py,/outputs/models/50m_tok16k_90m_toksel_20260830T142837Z-b1af35_lr210.pt,VOCAB_SIZE=16384;N_BLOCKS=16;EMBED_DIM=512;ATTN_HEADS=8;FFN_DIM=1344;SEQ_LEN=1024;ROPE_BASE=10000.0;INITIALIZATION=gpt_scaled;INITIALIZATION_STD=0.02;QK_NORM=True;LR=0.0021;MIN_LR=0.0;LR_SCHEDULER=wsd;WSD_DECAY_FRACTION=0.2;ADAM_BETA1=0.9;ADAM_BETA2=0.9025;ADAM_EPS=1e-08;WARMUP_STEPS=219;BATCH_SIZE=16;GRAD_ACCUM_STEPS=1;EPOCHS=1;MAX_STEPS=0;DROPOUT=0.0;WEIGHT_DECAY=0.05;Z_LOSS_COEFFICIENT=0.0;MAX_GRAD_NORM=1.0;SEED=42;DATASET_PREFIX=16k;DATASET_VARIANT=90m;VALIDATION_INTERVAL=149;VALIDATION_STEPS=7;DIAGNOSTICS_INTERVAL=30;COMPILE_MODEL=True;COMPILE_MODE=default
50m_tok16k_90m_toksel_20260830T142837Z-b1af35_lr250,90m,4.340190411,4.429529326,modal_pretrain_base.py,/outputs/models/50m_tok16k_90m_toksel_20260830T142837Z-b1af35_lr250.pt,VOCAB_SIZE=16384;N_BLOCKS=16;EMBED_DIM=512;ATTN_HEADS=8;FFN_DIM=1344;SEQ_LEN=1024;ROPE_BASE=10000.0;INITIALIZATION=gpt_scaled;INITIALIZATION_STD=0.02;QK_NORM=True;LR=0.0025;MIN_LR=0.0;LR_SCHEDULER=wsd;WSD_DECAY_FRACTION=0.2;ADAM_BETA1=0.9;ADAM_BETA2=0.9025;ADAM_EPS=1e-08;WARMUP_STEPS=219;BATCH_SIZE=16;GRAD_ACCUM_STEPS=1;EPOCHS=1;MAX_STEPS=0;DROPOUT=0.0;WEIGHT_DECAY=0.05;Z_LOSS_COEFFICIENT=0.0;MAX_GRAD_NORM=1.0;SEED=42;DATASET_PREFIX=16k;DATASET_VARIANT=90m;VALIDATION_INTERVAL=149;VALIDATION_STEPS=7;DIAGNOSTICS_INTERVAL=30;COMPILE_MODEL=True;COMPILE_MODE=default
50m_tok4k_421m_toksel_20260830T142837Z-b1af35_lr175_best90,421m,2.160478592,2.279014111,modal_pretrain_base.py,/outputs/models/50m_tok4k_421m_toksel_20260830T142837Z-b1af35_lr175_best90.pt,VOCAB_SIZE=4096;N_BLOCKS=16;EMBED_DIM=512;ATTN_HEADS=8;FFN_DIM=1344;SEQ_LEN=1024;ROPE_BASE=10000.0;INITIALIZATION=gpt_scaled;INITIALIZATION_STD=0.02;QK_NORM=True;LR=0.00175;MIN_LR=0.0;LR_SCHEDULER=wsd;WSD_DECAY_FRACTION=0.2;ADAM_BETA1=0.9;ADAM_BETA2=0.9025;ADAM_EPS=1e-08;WARMUP_STEPS=366;BATCH_SIZE=16;GRAD_ACCUM_STEPS=1;EPOCHS=1;MAX_STEPS=0;DROPOUT=0.0;WEIGHT_DECAY=0.05;Z_LOSS_COEFFICIENT=0.0;MAX_GRAD_NORM=1.0;SEED=42;DATASET_PREFIX=4k;DATASET_VARIANT=421m;VALIDATION_INTERVAL=250;VALIDATION_STEPS=12;DIAGNOSTICS_INTERVAL=50;COMPILE_MODEL=True;COMPILE_MODE=default
50m_tok8k_421m_toksel_20260830T142837Z-b1af35_lr210_best90,421m,2.966574192,3.192996562,modal_pretrain_base.py,/outputs/models/50m_tok8k_421m_toksel_20260830T142837Z-b1af35_lr210_best90.pt,VOCAB_SIZE=8192;N_BLOCKS=16;EMBED_DIM=512;ATTN_HEADS=8;FFN_DIM=1344;SEQ_LEN=1024;ROPE_BASE=10000.0;INITIALIZATION=gpt_scaled;INITIALIZATION_STD=0.02;QK_NORM=True;LR=0.0021;MIN_LR=0.0;LR_SCHEDULER=wsd;WSD_DECAY_FRACTION=0.2;ADAM_BETA1=0.9;ADAM_BETA2=0.9025;ADAM_EPS=1e-08;WARMUP_STEPS=256;BATCH_SIZE=16;GRAD_ACCUM_STEPS=1;EPOCHS=1;MAX_STEPS=0;DROPOUT=0.0;WEIGHT_DECAY=0.05;Z_LOSS_COEFFICIENT=0.0;MAX_GRAD_NORM=1.0;SEED=42;DATASET_PREFIX=8k;DATASET_VARIANT=421m;VALIDATION_INTERVAL=175;VALIDATION_STEPS=8;DIAGNOSTICS_INTERVAL=35;COMPILE_MODEL=True;COMPILE_MODE=default
50m_tok16k_421m_toksel_20260830T142837Z-b1af35_lr210_best90,421m,3.3567276,3.71085201,modal_pretrain_base.py,/outputs/models/50m_tok16k_421m_toksel_20260830T142837Z-b1af35_lr210_best90.pt,VOCAB_SIZE=16384;N_BLOCKS=16;EMBED_DIM=512;ATTN_HEADS=8;FFN_DIM=1344;SEQ_LEN=1024;ROPE_BASE=10000.0;INITIALIZATION=gpt_scaled;INITIALIZATION_STD=0.02;QK_NORM=True;LR=0.0021;MIN_LR=0.0;LR_SCHEDULER=wsd;WSD_DECAY_FRACTION=0.2;ADAM_BETA1=0.9;ADAM_BETA2=0.9025;ADAM_EPS=1e-08;WARMUP_STEPS=219;BATCH_SIZE=16;GRAD_ACCUM_STEPS=1;EPOCHS=1;MAX_STEPS=0;DROPOUT=0.0;WEIGHT_DECAY=0.05;Z_LOSS_COEFFICIENT=0.0;MAX_GRAD_NORM=1.0;SEED=42;DATASET_PREFIX=16k;DATASET_VARIANT=421m;VALIDATION_INTERVAL=149;VALIDATION_STEPS=7;DIAGNOSTICS_INTERVAL=30;COMPILE_MODEL=True;COMPILE_MODE=default
20m_tok16k_90m_hpsel_20260830T182843Z-e68603_lr210,90m,4.397456646,4.470399857,pretrain_base.py,/home/samuele/Desktop/pavullmo/models/20m_tok16k_90m_hpsel_20260830T182843Z-e68603_lr210.pt,VOCAB_SIZE=16384;N_BLOCKS=8;EMBED_DIM=384;ATTN_HEADS=6;FFN_DIM=1024;SEQ_LEN=1024;ROPE_BASE=10000.0;INITIALIZATION=gpt_scaled;INITIALIZATION_STD=0.02;QK_NORM=True;LR=0.0021;MIN_LR=0.0;LR_SCHEDULER=wsd;WSD_DECAY_FRACTION=0.2;ADAM_BETA1=0.9;ADAM_BETA2=0.9025;ADAM_EPS=1e-08;WARMUP_STEPS=219;BATCH_SIZE=16;GRAD_ACCUM_STEPS=1;EPOCHS=1;MAX_STEPS=0;DROPOUT=0.0;WEIGHT_DECAY=0.05;Z_LOSS_COEFFICIENT=0.0;MAX_GRAD_NORM=1.0;SEED=42;DATASET_PREFIX=16k;DATASET_VARIANT=90m;VALIDATION_INTERVAL=149;VALIDATION_STEPS=7;DIAGNOSTICS_INTERVAL=30;COMPILE_MODEL=True;COMPILE_MODE=default
20m_tok16k_90m_hpsel_20260830T182843Z-e68603_lr230,90m,4.370297432,4.453326906,pretrain_base.py,/home/samuele/Desktop/pavullmo/models/20m_tok16k_90m_hpsel_20260830T182843Z-e68603_lr230.pt,VOCAB_SIZE=16384;N_BLOCKS=8;EMBED_DIM=384;ATTN_HEADS=6;FFN_DIM=1024;SEQ_LEN=1024;ROPE_BASE=10000.0;INITIALIZATION=gpt_scaled;INITIALIZATION_STD=0.02;QK_NORM=True;LR=0.0023;MIN_LR=0.0;LR_SCHEDULER=wsd;WSD_DECAY_FRACTION=0.2;ADAM_BETA1=0.9;ADAM_BETA2=0.9025;ADAM_EPS=1e-08;WARMUP_STEPS=219;BATCH_SIZE=16;GRAD_ACCUM_STEPS=1;EPOCHS=1;MAX_STEPS=0;DROPOUT=0.0;WEIGHT_DECAY=0.05;Z_LOSS_COEFFICIENT=0.0;MAX_GRAD_NORM=1.0;SEED=42;DATASET_PREFIX=16k;DATASET_VARIANT=90m;VALIDATION_INTERVAL=149;VALIDATION_STEPS=7;DIAGNOSTICS_INTERVAL=30;COMPILE_MODEL=True;COMPILE_MODE=default
20m_tok16k_90m_hpsel_20260830T182843Z-e68603_lr250,90m,4.419194221,4.491106919,pretrain_base.py,/home/samuele/Desktop/pavullmo/models/20m_tok16k_90m_hpsel_20260830T182843Z-e68603_lr250.pt,VOCAB_SIZE=16384;N_BLOCKS=8;EMBED_DIM=384;ATTN_HEADS=6;FFN_DIM=1024;SEQ_LEN=1024;ROPE_BASE=10000.0;INITIALIZATION=gpt_scaled;INITIALIZATION_STD=0.02;QK_NORM=True;LR=0.0025;MIN_LR=0.0;LR_SCHEDULER=wsd;WSD_DECAY_FRACTION=0.2;ADAM_BETA1=0.9;ADAM_BETA2=0.9025;ADAM_EPS=1e-08;WARMUP_STEPS=219;BATCH_SIZE=16;GRAD_ACCUM_STEPS=1;EPOCHS=1;MAX_STEPS=0;DROPOUT=0.0;WEIGHT_DECAY=0.05;Z_LOSS_COEFFICIENT=0.0;MAX_GRAD_NORM=1.0;SEED=42;DATASET_PREFIX=16k;DATASET_VARIANT=90m;VALIDATION_INTERVAL=149;VALIDATION_STEPS=7;DIAGNOSTICS_INTERVAL=30;COMPILE_MODEL=True;COMPILE_MODE=default
35m_tok16k_90m_hpsel_20260830T182843Z-e68603_lr200,90m,4.415293694,4.47589377,pretrain_base.py,/home/samuele/Desktop/pavullmo/models/35m_tok16k_90m_hpsel_20260830T182843Z-e68603_lr200.pt,VOCAB_SIZE=16384;N_BLOCKS=11;EMBED_DIM=448;ATTN_HEADS=7;FFN_DIM=1216;SEQ_LEN=1024;ROPE_BASE=10000.0;INITIALIZATION=gpt_scaled;INITIALIZATION_STD=0.02;QK_NORM=True;LR=0.002;MIN_LR=0.0;LR_SCHEDULER=wsd;WSD_DECAY_FRACTION=0.2;ADAM_BETA1=0.9;ADAM_BETA2=0.9025;ADAM_EPS=1e-08;WARMUP_STEPS=219;BATCH_SIZE=16;GRAD_ACCUM_STEPS=1;EPOCHS=1;MAX_STEPS=0;DROPOUT=0.0;WEIGHT_DECAY=0.05;Z_LOSS_COEFFICIENT=0.0;MAX_GRAD_NORM=1.0;SEED=42;DATASET_PREFIX=16k;DATASET_VARIANT=90m;VALIDATION_INTERVAL=149;VALIDATION_STEPS=7;DIAGNOSTICS_INTERVAL=30;COMPILE_MODEL=True;COMPILE_MODE=default
35m_tok16k_90m_hpsel_20260830T182843Z-e68603_lr220,90m,4.358771324,4.439574514,pretrain_base.py,/home/samuele/Desktop/pavullmo/models/35m_tok16k_90m_hpsel_20260830T182843Z-e68603_lr220.pt,VOCAB_SIZE=16384;N_BLOCKS=11;EMBED_DIM=448;ATTN_HEADS=7;FFN_DIM=1216;SEQ_LEN=1024;ROPE_BASE=10000.0;INITIALIZATION=gpt_scaled;INITIALIZATION_STD=0.02;QK_NORM=True;LR=0.0022;MIN_LR=0.0;LR_SCHEDULER=wsd;WSD_DECAY_FRACTION=0.2;ADAM_BETA1=0.9;ADAM_BETA2=0.9025;ADAM_EPS=1e-08;WARMUP_STEPS=219;BATCH_SIZE=16;GRAD_ACCUM_STEPS=1;EPOCHS=1;MAX_STEPS=0;DROPOUT=0.0;WEIGHT_DECAY=0.05;Z_LOSS_COEFFICIENT=0.0;MAX_GRAD_NORM=1.0;SEED=42;DATASET_PREFIX=16k;DATASET_VARIANT=90m;VALIDATION_INTERVAL=149;VALIDATION_STEPS=7;DIAGNOSTICS_INTERVAL=30;COMPILE_MODEL=True;COMPILE_MODE=default
35m_tok16k_90m_hpsel_20260830T182843Z-e68603_lr240,90m,4.476002693,4.533594881,pretrain_base.py,/home/samuele/Desktop/pavullmo/models/35m_tok16k_90m_hpsel_20260830T182843Z-e68603_lr240.pt,VOCAB_SIZE=16384;N_BLOCKS=11;EMBED_DIM=448;ATTN_HEADS=7;FFN_DIM=1216;SEQ_LEN=1024;ROPE_BASE=10000.0;INITIALIZATION=gpt_scaled;INITIALIZATION_STD=0.02;QK_NORM=True;LR=0.0024;MIN_LR=0.0;LR_SCHEDULER=wsd;WSD_DECAY_FRACTION=0.2;ADAM_BETA1=0.9;ADAM_BETA2=0.9025;ADAM_EPS=1e-08;WARMUP_STEPS=219;BATCH_SIZE=16;GRAD_ACCUM_STEPS=1;EPOCHS=1;MAX_STEPS=0;DROPOUT=0.0;WEIGHT_DECAY=0.05;Z_LOSS_COEFFICIENT=0.0;MAX_GRAD_NORM=1.0;SEED=42;DATASET_PREFIX=16k;DATASET_VARIANT=90m;VALIDATION_INTERVAL=149;VALIDATION_STEPS=7;DIAGNOSTICS_INTERVAL=30;COMPILE_MODEL=True;COMPILE_MODE=default
20m_tok16k_421m_hpsel_20260830T182843Z-e68603_lr230_best90,421m,3.523442507,3.873625789,pretrain_base.py,/home/samuele/Desktop/pavullmo/models/20m_tok16k_421m_hpsel_20260830T182843Z-e68603_lr230_best90.pt,VOCAB_SIZE=16384;N_BLOCKS=8;EMBED_DIM=384;ATTN_HEADS=6;FFN_DIM=1024;SEQ_LEN=1024;ROPE_BASE=10000.0;INITIALIZATION=gpt_scaled;INITIALIZATION_STD=0.02;QK_NORM=True;LR=0.0023;MIN_LR=0.0;LR_SCHEDULER=wsd;WSD_DECAY_FRACTION=0.2;ADAM_BETA1=0.9;ADAM_BETA2=0.9025;ADAM_EPS=1e-08;WARMUP_STEPS=219;BATCH_SIZE=16;GRAD_ACCUM_STEPS=1;EPOCHS=1;MAX_STEPS=0;DROPOUT=0.0;WEIGHT_DECAY=0.05;Z_LOSS_COEFFICIENT=0.0;MAX_GRAD_NORM=1.0;SEED=42;DATASET_PREFIX=16k;DATASET_VARIANT=421m;VALIDATION_INTERVAL=149;VALIDATION_STEPS=7;DIAGNOSTICS_INTERVAL=30;COMPILE_MODEL=True;COMPILE_MODE=default
35m_tok16k_421m_hpsel_20260830T182843Z-e68603_lr220_best90,421m,3.429973364,3.786400557,pretrain_base.py,/home/samuele/Desktop/pavullmo/models/35m_tok16k_421m_hpsel_20260830T182843Z-e68603_lr220_best90.pt,VOCAB_SIZE=16384;N_BLOCKS=11;EMBED_DIM=448;ATTN_HEADS=7;FFN_DIM=1216;SEQ_LEN=1024;ROPE_BASE=10000.0;INITIALIZATION=gpt_scaled;INITIALIZATION_STD=0.02;QK_NORM=True;LR=0.0022;MIN_LR=0.0;LR_SCHEDULER=wsd;WSD_DECAY_FRACTION=0.2;ADAM_BETA1=0.9;ADAM_BETA2=0.9025;ADAM_EPS=1e-08;WARMUP_STEPS=219;BATCH_SIZE=16;GRAD_ACCUM_STEPS=1;EPOCHS=1;MAX_STEPS=0;DROPOUT=0.0;WEIGHT_DECAY=0.05;Z_LOSS_COEFFICIENT=0.0;MAX_GRAD_NORM=1.0;SEED=42;DATASET_PREFIX=16k;DATASET_VARIANT=421m;VALIDATION_INTERVAL=149;VALIDATION_STEPS=7;DIAGNOSTICS_INTERVAL=30;COMPILE_MODEL=True;COMPILE_MODE=default
10m_tuned_tok16k_4b,4b,3.637386084,3.636899131,pretrain_base.py,/home/samuele/Desktop/pavullmo/models/10m_tuned_tok16k_4b.pt,VOCAB_SIZE=16384;N_BLOCKS=8;EMBED_DIM=256;ATTN_HEADS=4;FFN_DIM=704;SEQ_LEN=1024;ROPE_BASE=10000.0;INITIALIZATION=gpt_scaled;INITIALIZATION_STD=0.02;QK_NORM=True;LR=0.0024;MIN_LR=0.0;LR_SCHEDULER=wsd;WSD_DECAY_FRACTION=0.2;ADAM_BETA1=0.9;ADAM_BETA2=0.9025;ADAM_EPS=1e-08;WARMUP_STEPS=219;BATCH_SIZE=16;GRAD_ACCUM_STEPS=1;EPOCHS=1;MAX_STEPS=0;DROPOUT=0.0;WEIGHT_DECAY=0.05;Z_LOSS_COEFFICIENT=0.0;MAX_GRAD_NORM=1.0;SEED=42;DATASET_PREFIX=16k;DATASET_VARIANT=4b;VALIDATION_INTERVAL=149;VALIDATION_STEPS=7;DIAGNOSTICS_INTERVAL=30;COMPILE_MODEL=True;COMPILE_MODE=default
10m_tuned_tok16k_1b9,1b9,3.512335539,3.715672868,pretrain_base.py,/home/samuele/Desktop/pavullmo/models/10m_tuned_tok16k_1b9.pt,VOCAB_SIZE=16384;N_BLOCKS=8;EMBED_DIM=256;ATTN_HEADS=4;FFN_DIM=704;SEQ_LEN=1024;ROPE_BASE=10000.0;INITIALIZATION=gpt_scaled;INITIALIZATION_STD=0.02;QK_NORM=True;LR=0.0024;MIN_LR=0.0;LR_SCHEDULER=wsd;WSD_DECAY_FRACTION=0.2;ADAM_BETA1=0.9;ADAM_BETA2=0.9025;ADAM_EPS=1e-08;WARMUP_STEPS=219;BATCH_SIZE=16;GRAD_ACCUM_STEPS=1;EPOCHS=1;MAX_STEPS=0;DROPOUT=0.0;WEIGHT_DECAY=0.05;Z_LOSS_COEFFICIENT=0.0;MAX_GRAD_NORM=1.0;SEED=42;DATASET_PREFIX=16k;DATASET_VARIANT=1b9;VALIDATION_INTERVAL=149;VALIDATION_STEPS=7;DIAGNOSTICS_INTERVAL=30;COMPILE_MODEL=True;COMPILE_MODE=default
10m_tuned_tok16k_907m,907m,3.753686428,3.837989432,pretrain_base.py,/home/samuele/Desktop/pavullmo/models/10m_tuned_tok16k_907m.pt,VOCAB_SIZE=16384;N_BLOCKS=8;EMBED_DIM=256;ATTN_HEADS=4;FFN_DIM=704;SEQ_LEN=1024;ROPE_BASE=10000.0;INITIALIZATION=gpt_scaled;INITIALIZATION_STD=0.02;QK_NORM=True;LR=0.0024;MIN_LR=0.0;LR_SCHEDULER=wsd;WSD_DECAY_FRACTION=0.2;ADAM_BETA1=0.9;ADAM_BETA2=0.9025;ADAM_EPS=1e-08;WARMUP_STEPS=219;BATCH_SIZE=16;GRAD_ACCUM_STEPS=1;EPOCHS=1;MAX_STEPS=0;DROPOUT=0.0;WEIGHT_DECAY=0.05;Z_LOSS_COEFFICIENT=0.0;MAX_GRAD_NORM=1.0;SEED=42;DATASET_PREFIX=16k;DATASET_VARIANT=907m;VALIDATION_INTERVAL=149;VALIDATION_STEPS=7;DIAGNOSTICS_INTERVAL=30;COMPILE_MODEL=True;COMPILE_MODE=default
10m_tuned_tok16k_195m,195m,4.315821648,4.208070857,pretrain_base.py,/home/samuele/Desktop/pavullmo/models/10m_tuned_tok16k_195m.pt,VOCAB_SIZE=16384;N_BLOCKS=8;EMBED_DIM=256;ATTN_HEADS=4;FFN_DIM=704;SEQ_LEN=1024;ROPE_BASE=10000.0;INITIALIZATION=gpt_scaled;INITIALIZATION_STD=0.02;QK_NORM=True;LR=0.0024;MIN_LR=0.0;LR_SCHEDULER=wsd;WSD_DECAY_FRACTION=0.2;ADAM_BETA1=0.9;ADAM_BETA2=0.9025;ADAM_EPS=1e-08;WARMUP_STEPS=219;BATCH_SIZE=16;GRAD_ACCUM_STEPS=1;EPOCHS=1;MAX_STEPS=0;DROPOUT=0.0;WEIGHT_DECAY=0.05;Z_LOSS_COEFFICIENT=0.0;MAX_GRAD_NORM=1.0;SEED=42;DATASET_PREFIX=16k;DATASET_VARIANT=195m;VALIDATION_INTERVAL=149;VALIDATION_STEPS=7;DIAGNOSTICS_INTERVAL=30;COMPILE_MODEL=True;COMPILE_MODE=default
10m_tuned_tok16k_42m,42m,5.131494999,5.192004953,pretrain_base.py,/home/samuele/Desktop/pavullmo/models/10m_tuned_tok16k_42m.pt,VOCAB_SIZE=16384;N_BLOCKS=8;EMBED_DIM=256;ATTN_HEADS=4;FFN_DIM=704;SEQ_LEN=1024;ROPE_BASE=10000.0;INITIALIZATION=gpt_scaled;INITIALIZATION_STD=0.02;QK_NORM=True;LR=0.0024;MIN_LR=0.0;LR_SCHEDULER=wsd;WSD_DECAY_FRACTION=0.2;ADAM_BETA1=0.9;ADAM_BETA2=0.9025;ADAM_EPS=1e-08;WARMUP_STEPS=219;BATCH_SIZE=16;GRAD_ACCUM_STEPS=1;EPOCHS=1;MAX_STEPS=0;DROPOUT=0.0;WEIGHT_DECAY=0.05;Z_LOSS_COEFFICIENT=0.0;MAX_GRAD_NORM=1.0;SEED=42;DATASET_PREFIX=16k;DATASET_VARIANT=42m;VALIDATION_INTERVAL=149;VALIDATION_STEPS=7;DIAGNOSTICS_INTERVAL=30;COMPILE_MODEL=True;COMPILE_MODE=default
35m_tuned_tok16k_195m,195m,4.131946564,4.015442984,pretrain_base.py,/home/samuele/Desktop/pavullmo/models/35m_tuned_tok16k_195m.pt,VOCAB_SIZE=16384;N_BLOCKS=11;EMBED_DIM=448;ATTN_HEADS=7;FFN_DIM=1216;SEQ_LEN=1024;ROPE_BASE=10000.0;INITIALIZATION=gpt_scaled;INITIALIZATION_STD=0.02;QK_NORM=True;LR=0.0022;MIN_LR=0.0;LR_SCHEDULER=wsd;WSD_DECAY_FRACTION=0.2;ADAM_BETA1=0.9;ADAM_BETA2=0.9025;ADAM_EPS=1e-08;WARMUP_STEPS=219;BATCH_SIZE=16;GRAD_ACCUM_STEPS=1;EPOCHS=1;MAX_STEPS=0;DROPOUT=0.0;WEIGHT_DECAY=0.05;Z_LOSS_COEFFICIENT=0.0;MAX_GRAD_NORM=1.0;SEED=42;DATASET_PREFIX=16k;DATASET_VARIANT=195m;VALIDATION_INTERVAL=149;VALIDATION_STEPS=7;DIAGNOSTICS_INTERVAL=30;COMPILE_MODEL=True;COMPILE_MODE=default
35m_tuned_tok16k_42m,42m,5.075774193,5.139555046,pretrain_base.py,/home/samuele/Desktop/pavullmo/models/35m_tuned_tok16k_42m.pt,VOCAB_SIZE=16384;N_BLOCKS=11;EMBED_DIM=448;ATTN_HEADS=7;FFN_DIM=1216;SEQ_LEN=1024;ROPE_BASE=10000.0;INITIALIZATION=gpt_scaled;INITIALIZATION_STD=0.02;QK_NORM=True;LR=0.0022;MIN_LR=0.0;LR_SCHEDULER=wsd;WSD_DECAY_FRACTION=0.2;ADAM_BETA1=0.9;ADAM_BETA2=0.9025;ADAM_EPS=1e-08;WARMUP_STEPS=219;BATCH_SIZE=16;GRAD_ACCUM_STEPS=1;EPOCHS=1;MAX_STEPS=0;DROPOUT=0.0;WEIGHT_DECAY=0.05;Z_LOSS_COEFFICIENT=0.0;MAX_GRAD_NORM=1.0;SEED=42;DATASET_PREFIX=16k;DATASET_VARIANT=42m;VALIDATION_INTERVAL=149;VALIDATION_STEPS=7;DIAGNOSTICS_INTERVAL=30;COMPILE_MODEL=True;COMPILE_MODE=default
20m_tuned_tok16k_195m,195m,4.219965458,4.103118896,pretrain_base.py,/home/samuele/Desktop/pavullmo/models/20m_tuned_tok16k_195m.pt,VOCAB_SIZE=16384;N_BLOCKS=8;EMBED_DIM=384;ATTN_HEADS=6;FFN_DIM=1024;SEQ_LEN=1024;ROPE_BASE=10000.0;INITIALIZATION=gpt_scaled;INITIALIZATION_STD=0.02;QK_NORM=True;LR=0.0023;MIN_LR=0.0;LR_SCHEDULER=wsd;WSD_DECAY_FRACTION=0.2;ADAM_BETA1=0.9;ADAM_BETA2=0.9025;ADAM_EPS=1e-08;WARMUP_STEPS=219;BATCH_SIZE=16;GRAD_ACCUM_STEPS=1;EPOCHS=1;MAX_STEPS=0;DROPOUT=0.0;WEIGHT_DECAY=0.05;Z_LOSS_COEFFICIENT=0.0;MAX_GRAD_NORM=1.0;SEED=42;DATASET_PREFIX=16k;DATASET_VARIANT=195m;VALIDATION_INTERVAL=149;VALIDATION_STEPS=7;DIAGNOSTICS_INTERVAL=30;COMPILE_MODEL=True;COMPILE_MODE=default
20m_tuned_tok16k_42m,42m,5.077785492,5.131004333,pretrain_base.py,/home/samuele/Desktop/pavullmo/models/20m_tuned_tok16k_42m.pt,VOCAB_SIZE=16384;N_BLOCKS=8;EMBED_DIM=384;ATTN_HEADS=6;FFN_DIM=1024;SEQ_LEN=1024;ROPE_BASE=10000.0;INITIALIZATION=gpt_scaled;INITIALIZATION_STD=0.02;QK_NORM=True;LR=0.0023;MIN_LR=0.0;LR_SCHEDULER=wsd;WSD_DECAY_FRACTION=0.2;ADAM_BETA1=0.9;ADAM_BETA2=0.9025;ADAM_EPS=1e-08;WARMUP_STEPS=219;BATCH_SIZE=16;GRAD_ACCUM_STEPS=1;EPOCHS=1;MAX_STEPS=0;DROPOUT=0.0;WEIGHT_DECAY=0.05;Z_LOSS_COEFFICIENT=0.0;MAX_GRAD_NORM=1.0;SEED=42;DATASET_PREFIX=16k;DATASET_VARIANT=42m;VALIDATION_INTERVAL=149;VALIDATION_STEPS=7;DIAGNOSTICS_INTERVAL=30;COMPILE_MODEL=True;COMPILE_MODE=default
50m_tuned_tok16k_195m,195m,4.102417946,3.991115161,modal_pretrain_base.py,/outputs/models/50m_tuned_tok16k_195m.pt,VOCAB_SIZE=16384;N_BLOCKS=16;EMBED_DIM=512;ATTN_HEADS=8;FFN_DIM=1344;SEQ_LEN=1024;ROPE_BASE=10000.0;INITIALIZATION=gpt_scaled;INITIALIZATION_STD=0.02;QK_NORM=True;LR=0.0021;MIN_LR=0.0;LR_SCHEDULER=wsd;WSD_DECAY_FRACTION=0.2;ADAM_BETA1=0.9;ADAM_BETA2=0.9025;ADAM_EPS=1e-08;WARMUP_STEPS=219;BATCH_SIZE=16;GRAD_ACCUM_STEPS=1;EPOCHS=1;MAX_STEPS=0;DROPOUT=0.0;WEIGHT_DECAY=0.05;Z_LOSS_COEFFICIENT=0.0;MAX_GRAD_NORM=1.0;SEED=42;DATASET_PREFIX=16k;DATASET_VARIANT=195m;VALIDATION_INTERVAL=149;VALIDATION_STEPS=7;DIAGNOSTICS_INTERVAL=30;COMPILE_MODEL=True;COMPILE_MODE=default
50m_tuned_tok16k_42m,42m,5.075824738,5.143896103,modal_pretrain_base.py,/outputs/models/50m_tuned_tok16k_42m.pt,VOCAB_SIZE=16384;N_BLOCKS=16;EMBED_DIM=512;ATTN_HEADS=8;FFN_DIM=1344;SEQ_LEN=1024;ROPE_BASE=10000.0;INITIALIZATION=gpt_scaled;INITIALIZATION_STD=0.02;QK_NORM=True;LR=0.0021;MIN_LR=0.0;LR_SCHEDULER=wsd;WSD_DECAY_FRACTION=0.2;ADAM_BETA1=0.9;ADAM_BETA2=0.9025;ADAM_EPS=1e-08;WARMUP_STEPS=219;BATCH_SIZE=16;GRAD_ACCUM_STEPS=1;EPOCHS=1;MAX_STEPS=0;DROPOUT=0.0;WEIGHT_DECAY=0.05;Z_LOSS_COEFFICIENT=0.0;MAX_GRAD_NORM=1.0;SEED=42;DATASET_PREFIX=16k;DATASET_VARIANT=42m;VALIDATION_INTERVAL=149;VALIDATION_STEPS=7;DIAGNOSTICS_INTERVAL=30;COMPILE_MODEL=True;COMPILE_MODE=default
35m_tok16k_tuned_4b,4b,3.358390331,3.340261255,pretrain_base.py,/home/samuele/Desktop/pavullmo/models/35m_tok16k_tuned_4b.pt,VOCAB_SIZE=16384;N_BLOCKS=11;EMBED_DIM=448;ATTN_HEADS=7;FFN_DIM=1216;SEQ_LEN=1024;ROPE_BASE=10000.0;INITIALIZATION=gpt_scaled;INITIALIZATION_STD=0.02;QK_NORM=True;LR=0.0022;MIN_LR=0.0;LR_SCHEDULER=wsd;WSD_DECAY_FRACTION=0.2;ADAM_BETA1=0.9;ADAM_BETA2=0.9025;ADAM_EPS=1e-08;WARMUP_STEPS=219;BATCH_SIZE=16;GRAD_ACCUM_STEPS=1;EPOCHS=1;MAX_STEPS=0;DROPOUT=0.0;WEIGHT_DECAY=0.05;Z_LOSS_COEFFICIENT=0.0;MAX_GRAD_NORM=1.0;SEED=42;DATASET_PREFIX=16k;DATASET_VARIANT=4b;VALIDATION_INTERVAL=149;VALIDATION_STEPS=7;DIAGNOSTICS_INTERVAL=30;COMPILE_MODEL=True;COMPILE_MODE=default
